-- MySQL dump 10.13  Distrib 5.7.22, for Linux (x86_64)
--
-- Host: localhost    Database: team_management
-- ------------------------------------------------------
-- Server version	5.7.22-0ubuntu0.16.04.1

/*!40101 SET @OLD_CHARACTER_SET_CLIENT=@@CHARACTER_SET_CLIENT */;
/*!40101 SET @OLD_CHARACTER_SET_RESULTS=@@CHARACTER_SET_RESULTS */;
/*!40101 SET @OLD_COLLATION_CONNECTION=@@COLLATION_CONNECTION */;
/*!40101 SET NAMES utf8 */;
/*!40103 SET @OLD_TIME_ZONE=@@TIME_ZONE */;
/*!40103 SET TIME_ZONE='+00:00' */;
/*!40014 SET @OLD_UNIQUE_CHECKS=@@UNIQUE_CHECKS, UNIQUE_CHECKS=0 */;
/*!40014 SET @OLD_FOREIGN_KEY_CHECKS=@@FOREIGN_KEY_CHECKS, FOREIGN_KEY_CHECKS=0 */;
/*!40101 SET @OLD_SQL_MODE=@@SQL_MODE, SQL_MODE='NO_AUTO_VALUE_ON_ZERO' */;
/*!40111 SET @OLD_SQL_NOTES=@@SQL_NOTES, SQL_NOTES=0 */;

--
-- Current Database: `team_management`
--

CREATE DATABASE /*!32312 IF NOT EXISTS*/ `team_management` /*!40100 DEFAULT CHARACTER SET latin1 */;

USE `team_management`;

--
-- Table structure for table `categories`
--

DROP TABLE IF EXISTS `categories`;
/*!40101 SET @saved_cs_client     = @@character_set_client */;
/*!40101 SET character_set_client = utf8 */;
CREATE TABLE `categories` (
  `id` int(11) NOT NULL AUTO_INCREMENT,
  `name` varchar(250) NOT NULL,
  PRIMARY KEY (`id`)
) ENGINE=InnoDB AUTO_INCREMENT=6 DEFAULT CHARSET=latin1;
/*!40101 SET character_set_client = @saved_cs_client */;

--
-- Dumping data for table `categories`
--

LOCK TABLES `categories` WRITE;
/*!40000 ALTER TABLE `categories` DISABLE KEYS */;
INSERT INTO `categories` VALUES (1,'U13'),(2,'U18'),(3,'U18 Paralympics'),(4,'U23'),(5,'Open Paralympics');
/*!40000 ALTER TABLE `categories` ENABLE KEYS */;
UNLOCK TABLES;

--
-- Table structure for table `designations`
--

DROP TABLE IF EXISTS `designations`;
/*!40101 SET @saved_cs_client     = @@character_set_client */;
/*!40101 SET character_set_client = utf8 */;
CREATE TABLE `designations` (
  `id` int(10) unsigned NOT NULL AUTO_INCREMENT,
  `name` varchar(255) COLLATE utf8mb4_unicode_ci NOT NULL,
  `zone_access` varchar(255) COLLATE utf8mb4_unicode_ci DEFAULT NULL,
  `created_at` timestamp NULL DEFAULT NULL,
  `updated_at` timestamp NULL DEFAULT NULL,
  PRIMARY KEY (`id`)
) ENGINE=InnoDB AUTO_INCREMENT=10 DEFAULT CHARSET=utf8mb4 COLLATE=utf8mb4_unicode_ci;
/*!40101 SET character_set_client = @saved_cs_client */;

--
-- Dumping data for table `designations`
--

LOCK TABLES `designations` WRITE;
/*!40000 ALTER TABLE `designations` DISABLE KEYS */;
INSERT INTO `designations` VALUES (1,'Athlete','1,2,3,4','2018-06-26 17:11:05','2018-06-26 17:11:06'),(2,'Technical Official','1,2,3,4,5','2018-06-26 17:12:54','2018-06-26 17:12:59'),(3,'SRC','8','2018-06-26 17:12:55','2018-06-26 17:12:59'),(4,'VIP','8','2018-06-26 17:12:56','2018-06-26 17:13:00'),(5,'Local Organising Committee','8','2018-06-26 17:12:57','2018-06-26 17:13:01'),(6,'Ministry of Youth, Sports, Arts and Recreation','8','2018-06-26 17:12:58','2018-06-26 17:13:02'),(7,'General Manager','8',NULL,NULL),(8,'Partner','1',NULL,NULL),(9,'Provincial Management Committee','8',NULL,NULL);
/*!40000 ALTER TABLE `designations` ENABLE KEYS */;
UNLOCK TABLES;

--
-- Table structure for table `jobs`
--

DROP TABLE IF EXISTS `jobs`;
/*!40101 SET @saved_cs_client     = @@character_set_client */;
/*!40101 SET character_set_client = utf8 */;
CREATE TABLE `jobs` (
  `id` bigint(20) unsigned NOT NULL AUTO_INCREMENT,
  `queue` varchar(255) COLLATE utf8mb4_unicode_ci NOT NULL,
  `payload` longtext COLLATE utf8mb4_unicode_ci NOT NULL,
  `attempts` tinyint(3) unsigned NOT NULL,
  `reserved_at` int(10) unsigned DEFAULT NULL,
  `available_at` int(10) unsigned NOT NULL,
  `created_at` int(10) unsigned NOT NULL,
  PRIMARY KEY (`id`),
  KEY `jobs_queue_index` (`queue`)
) ENGINE=InnoDB DEFAULT CHARSET=utf8mb4 COLLATE=utf8mb4_unicode_ci;
/*!40101 SET character_set_client = @saved_cs_client */;

--
-- Dumping data for table `jobs`
--

LOCK TABLES `jobs` WRITE;
/*!40000 ALTER TABLE `jobs` DISABLE KEYS */;
/*!40000 ALTER TABLE `jobs` ENABLE KEYS */;
UNLOCK TABLES;

--
-- Table structure for table `members`
--

DROP TABLE IF EXISTS `members`;
/*!40101 SET @saved_cs_client     = @@character_set_client */;
/*!40101 SET character_set_client = utf8 */;
CREATE TABLE `members` (
  `id` int(10) unsigned NOT NULL AUTO_INCREMENT,
  `province` varchar(255) COLLATE utf8mb4_unicode_ci NOT NULL,
  `firstname` varchar(255) COLLATE utf8mb4_unicode_ci NOT NULL,
  `surname` varchar(255) COLLATE utf8mb4_unicode_ci NOT NULL,
  `image` varchar(255) COLLATE utf8mb4_unicode_ci DEFAULT NULL,
  `designation` varchar(255) COLLATE utf8mb4_unicode_ci DEFAULT NULL,
  `national_id` varchar(255) COLLATE utf8mb4_unicode_ci DEFAULT NULL,
  `email` varchar(255) COLLATE utf8mb4_unicode_ci DEFAULT NULL,
  `address` text COLLATE utf8mb4_unicode_ci,
  `telephone` varchar(255) COLLATE utf8mb4_unicode_ci DEFAULT NULL,
  `mobile` varchar(255) COLLATE utf8mb4_unicode_ci DEFAULT NULL,
  `dob` date DEFAULT NULL,
  `sport` varchar(255) COLLATE utf8mb4_unicode_ci DEFAULT NULL,
  `gender` enum('Male','Female') COLLATE utf8mb4_unicode_ci DEFAULT NULL,
  `theme` text COLLATE utf8mb4_unicode_ci,
  `barcode` text COLLATE utf8mb4_unicode_ci NOT NULL,
  `created_at` timestamp NULL DEFAULT NULL,
  `updated_at` timestamp NULL DEFAULT NULL,
  PRIMARY KEY (`id`)
) ENGINE=InnoDB AUTO_INCREMENT=664 DEFAULT CHARSET=utf8mb4 COLLATE=utf8mb4_unicode_ci;
/*!40101 SET character_set_client = @saved_cs_client */;

--
-- Dumping data for table `members`
--

LOCK TABLES `members` WRITE;
/*!40000 ALTER TABLE `members` DISABLE KEYS */;
INSERT INTO `members` VALUES (37,'10','Lloyd','Mataire','4cdc5c3f35ca9d23b560e1d4a264cd39fc08a7ab.jpg','6','63-1096110-G-18','lloydmataire@gmail.com','2 plympton road chadcombe hatfield harare','0773381675','0773381675','1984-06-16','9','Male',NULL,'4127588992','2018-08-08 13:04:58','2018-08-08 13:18:42'),(39,'16','Pianos','Mugomba','4e6d36ad85bb7c8a9c59159a6ea2112dbba8fb09.jpg','7','29-009310-H-27','pmugombachoto@gmail.com','777 Senga Area 2 Gweru','0774485064','0716073603','1972-11-12','9','Male',NULL,'5184884079','2018-08-08 13:12:59','2018-08-08 13:38:36'),(41,'15','Exavier','Mativenga','5d6ce4e67e87183059fe2420bcfc87f4907f1abc.jpg','7','58-228148-P-66','mativengae@gmail.com','11319 TIMIRE PARK ,RUWA HARARE','0712873890','0773095180','1986-05-06','9','Male',NULL,'6980347282','2018-08-08 13:17:28','2018-08-08 13:17:28'),(43,'7','Noreen','Kureva','270da32e8fd102073bec954fa57e8ceda4986242.PNG','3','63-991786-N-80','srcmasvingoprovince@gmail.com','20 Ackroyal Masvingo','0712556429','0773897920','1976-03-13','9','Female',NULL,'7910108036','2018-08-08 13:20:36','2018-08-08 13:20:36'),(44,'6','Agness','Banda','7a759a4305c19359f16f702c36df0dfb8a183a3c.jpg','1','45-6476474-P-67','','12 Anderson drive',NULL,'07763442135','2000-08-08','1','Female',NULL,'1502342458','2018-08-08 13:21:50','2018-08-08 13:21:50'),(45,'9','LEONARD','MWALE','bc27f5b6d3b05b969866be13f039145eb496c6b1.jpg','3','79-073397-T-79','leodeemwale@gmail.com','A112 PTC COMPOUND LUPANE',NULL,'0774561682','1998-06-23','9','Male',NULL,'8451582148','2018-08-08 13:26:13','2018-08-10 09:56:33'),(47,'2','Kudzai','Chikwamba','3cb7a968fb6e87d2cd06048428344b08f71a4187.jpg','7','59-121526C71','krchikwamba@outlook.com','8544 manyame park \r\nchitungwiza\r\nharare',NULL,'0773278010','1988-12-16','9','Male',NULL,'3116050496','2018-08-08 13:29:01','2018-08-08 13:30:46'),(48,'5','Justice','Nyakutumba','edfe452029d66c3cee0950ee597ccf103499a132.png','3','43-138803-C-48','jnyakutumba@gmail.com','17 wedza street, marondera','0733394735','0733394735','1985-08-11','9','Male',NULL,'8908561295','2018-08-08 13:34:11','2018-08-08 13:34:11'),(49,'3','Cazline M','Mupota','f0581f7bbdc78e0b1dd949f40af6fd04d24255bf.jpg','3','75-313366-D-13','muticaz@gmail.com','9068 Garikai Phase 2, Mutare','02061266','0772281336','1977-05-31','9','Female',NULL,'5326812597','2018-08-08 13:34:28','2018-08-08 13:34:28'),(52,'18','TANYA','NDZVIMBO','903e2e50489503ea7a7682813adb3ec40c599276.jpg','1','22-2010912-H-15','','GWERU POLY',NULL,'0773031970','1997-05-14','6','Female',NULL,'5952445499','2018-08-08 13:39:36','2018-08-08 13:39:36'),(56,'14','Ngonidzashe','Mudzamiri','054b8b39549bc7968d22e8c591772803d9fcdbe9.jpg','7','07-047988-F-07','nmudzamirij@gmail.com','Tabudirira Training Center P O Box 231 Mutoko','0772590224','0772590224','1969-10-27','9','Male',NULL,'8199323479','2018-08-09 08:02:02','2018-09-20 09:50:10'),(66,'2','Tinashe Providence','Marufu','91884671c701e40dc46a31112ee680779303a42b.jpg','2','63-2043510-P-04','tinasheprovidence@gmail.com','30728 unit o,\r\nseke \r\nchitungwiza',NULL,'0773645546','1994-04-12','10','Male',NULL,'9218965823','2018-08-10 09:05:54','2018-08-10 09:05:54'),(67,'2','Rosemary','Muchetu','44420f63caeb82367215a12b564b2dbcfea7e21f.jpg','1','59-051687-Q-07','','16308 zengeza 3\r\nChitungwiza','0718254587','0783931904','1998-04-23','11','Female',NULL,'1712338594','2018-08-10 09:14:30','2018-08-10 09:14:30'),(69,'2','Anna','Munyoro','3017f0b7b2a9e95d64ab7350e68f8bff8db764f9.jpg','2','48-037433-A-48','munyoroaf@gmail.com','19099 new zengeza 4\r\nChitungwiza',NULL,'0773464870','1968-02-26','10','Female',NULL,'7115742881','2018-08-10 09:34:03','2018-08-10 09:34:03'),(70,'2','Promise','Mavhiza','783ca2bc94e86fef9fecd5c7f22e00970b3eab9e.jpg','1','75-2050073-F-75','','mufakose 1 high',NULL,'0772664113','2000-03-29','11','Male',NULL,'7955717899','2018-08-10 09:34:58','2018-08-10 09:34:58'),(71,'2','Martha Kudzai','Chikomo','293412a9fa3c17460bb0ec84a480f1bba189b3fe.jpg','1','59-023065-E-47','','9636 unit H\r\nseke \r\nchitungwiza',NULL,'0774136551','2003-07-06','11','Female',NULL,'9340287256','2018-08-10 09:40:32','2018-08-10 09:40:32'),(72,'2','Charity','Shumba','982fef4e671ee10d60fc864ef08767a86dc97285.jpg','2','03-131624-N-03','cshumba1987@gmail.com','4198 \r\nSouthview Park \r\nFidelity',NULL,'0775017556','1987-10-30','11','Female',NULL,'5627198093','2018-08-10 09:43:54','2018-08-10 09:43:54'),(73,'2','Joshua','Muchabaiwa','2d001a96e873693581e8393c6d852cd00ead0623.jpg','1','63-3144998-J-47','','654 St Marys \r\nChitungwiza',NULL,'0776232260','2002-04-29','11','Male',NULL,'1858258830','2018-08-10 09:47:39','2018-08-10 09:47:39'),(74,'2','David','Luka','9d744e865cca0615aa90685a692d5ae215ea450b.jpg','1','63-2510143-Z-25','','1751 St Marys \r\nchitungwiza',NULL,'0772337913','2001-07-20','14','Male',NULL,'6268959205','2018-08-10 09:51:32','2018-08-10 09:51:32'),(75,'2','Patience','Mhariwa','bed7fa84e3e71f8f746cbec37fbdb8a82f6df19c.jpg','1','63-3313427-J-43','','3845 Manyame Park\r\nSt Marys \r\nChitungwiza',NULL,'0771456055','2003-04-27','10','Female',NULL,'3287072010','2018-08-10 10:01:02','2018-08-10 10:01:02'),(76,'2','Chenai','Marera','c9c7d550fa6a2bd1cb5686da9b473379ff713cb9.jpg','1','63-761874-J-32','','1249 UNIT A\r\nChitungwiza',NULL,'0785557799','2003-12-17','11','Female',NULL,'1895443881','2018-08-10 10:07:38','2018-08-10 10:07:38'),(77,'9','Aberson','Mahlangu','b03cfb8cc08c27cec59683f86908f6a5726205b5.jpg','6','79-123047-L-79','aberson1988@gmail.com','House 54 Roads Complex \r\nlupane','0779683327','0779683327','1988-01-21','9','Male',NULL,'7394240859','2018-08-10 10:13:00','2018-08-10 10:13:00'),(78,'2','Milton Tadiwanashe','Gwelo','35a72e7cf6c4ccc58042bf9fa934d65fc21533c5.jpg','1','63-2376435-P-22','','Tsinhirani Primary School\r\nBox 6\r\nTafara',NULL,'0772611102','2004-06-14','16','Male',NULL,'8702063585','2018-08-10 10:29:27','2018-08-10 10:29:27'),(79,'2','Kundai','Karinda','f255eafbaf7230ea09d6e8c6648b9acb737e937c.jpg','1','63-1626650-F-86','','2749 jongwe close \r\nBudiriro 2','0783747307','0778109837','1998-09-07','9','Male',NULL,'8638214874','2018-08-10 10:31:11','2018-08-10 10:31:11'),(80,'10','Thulani','Dhliwayo','f0d0d2f96c9b47667f6d1e360956fd1bfa14a89f.jpg','7','29-293907-C-13','tbeta707@gmail.com','5781 Mkoba 19 Gweru',NULL,'0717245725','1996-08-10','9','Male',NULL,'1123964103','2018-08-10 10:31:35','2018-08-10 10:49:19'),(81,'10','Aaron','Hove','2e4c10d989001a0a1f862cb8bc1bcd0fdc744bb5.JPG','7','29-284145-R-03','aaronicpower@gmail.com','3220 Ascot Extension\r\nGweru',NULL,'0778209448','1992-02-17','9','Male',NULL,'7291824031','2018-08-10 10:36:53','2018-08-10 11:14:01'),(82,'2','Tatenda L','Mudanda','73d145193cee9b484b2c22caaf3fe3219a4d9047.jpg','2','63-773251-A-18','tlmudanda@gmail.com','St Giles School\r\nbox A224\r\nAvondale',NULL,'0773615062','1972-01-24','9','Female',NULL,'6881612376','2018-08-10 10:40:45','2018-08-10 10:40:45'),(83,'2','Martha Hazvinei','Mashamhanda','00f0a7b980cb17fad82dd0c24ca72c33350d8b6f.jpg','2','22-126480-W-22','','St Mary\'s High School\r\nchitungwiza',NULL,'0772925001','1966-12-06','9','Female',NULL,'7113555729','2018-08-10 10:51:00','2018-08-10 15:07:43'),(84,'10','Taurai','Dliwayo','f8d88c59b0908d7705aac8576e2eff7b49ad8c53.jpg','7','23004858E23','dhliwayotaurai@gmail.com','5016 mkoba 11 gweru',NULL,'0775516743','1975-12-27','9','Male',NULL,'2419023741','2018-08-10 10:55:10','2018-08-10 10:55:10'),(85,'10','Lindahrose','Shiri','b8d4ce9a131c0eaf463b60058ae4e7ece727bb84.png','7','03-2000797-Z-03','lindahroseshiri8@gmail.com','38 Nehosho Senga\r\nGweru',NULL,'0772682307','1995-12-01','9','Female',NULL,'5038062057','2018-08-10 10:55:33','2018-08-10 10:56:41'),(87,'10','Janet','Sipiriano','6591694632d7bd0ced468aa42e017658f4fbc70f.jpg','7','29-2067310-R-29','jsipiriano@gmail.com','house number 3238/1 mkoba  5\r\ngweru',NULL,'0776259268','1996-05-26','9','Female',NULL,'3562635727','2018-08-10 11:02:15','2018-08-10 11:02:15'),(88,'10','Hardlife','Maboyi','620a96a4ae6fe12b0ac3b258e412829eceddc04d.jpg','7','04-126062Z-04','maboyipn@gmail.com','jt airbase bag 378 gweru',NULL,'0774698666','1984-11-08','9','Male',NULL,'4901208524','2018-08-10 11:02:29','2018-08-10 11:18:51'),(89,'2','Perfect','Mudakuvaka','4528f3934457877f1a121bb7229e6b6e10f410c6.jpg','1','63-1637739-J-58','','40 22cresent \r\nwarren Park',NULL,'0778993463','1999-07-09','4','Male',NULL,'2262436885','2018-08-10 11:03:32','2018-08-10 11:03:32'),(91,'10','Brian','Sakala','657dc608da988e94e75fecbe5b7b6e3ae9c7a34f.JPG','7','29-306429-N-29','sakalab@gwerupoly.ac.zw','1122-2 Mkoba 13, Gweru',NULL,'0739635561','1997-07-19','9','Male',NULL,'6501580271','2018-08-10 11:08:51','2018-08-10 11:26:54'),(92,'10','Memory','Chimuchembere','d46e5354baf5380ea7b28e839632ceb9f9438e1e.jpg','7','29-289916-P-77','memoryjulz@gmail.com','2163 Ascot Infil\r\nGweru',NULL,'0783957976','1995-05-10','9','Female',NULL,'1944202591','2018-08-10 11:12:48','2018-08-10 11:34:11'),(93,'10','Patrice','Chaula','d7f5afa6855ef5f51c765840ffeb14efb10506e1.jpg','7','29-305832-P-03','chaulapsx@gmail.com','4790 Mkoba 12',NULL,'0782841339','1996-12-18','9','Male',NULL,'4254851877','2018-08-10 11:13:45','2018-08-10 11:29:43'),(94,'10','Patrick','Kamtinte','7595747a973dec8093720b79db0175f935ad0f37.jpg','7','77-087545-J-77','kamtintep@gmail.ac.zw','J109 Lalapanzi',NULL,'07796243710','1998-12-25','9','Male',NULL,'8724619008','2018-08-10 11:15:13','2018-08-10 11:15:13'),(95,'10','Evangelister','Mutodza','70986b32246592e8b35d683b64f801dcfd17073e.JPG','7','29-292457-B-67','mutodzae@gwerupoly.ac.zw','J105 Jerusalem, \r\nLalapanzi',NULL,'0779482497','1996-04-04','9','Female',NULL,'7605453105','2018-08-10 11:15:51','2018-08-10 11:15:51'),(96,'10','Tinotenda J','Towo','3fcbb3d3aa673c983b0e565cff3f327efcf60416.jpg','7','29-2084576-J-18','towotino@gwerupoly.ac.zw','1482 Mkoba 12\r\nGweru','0254256868','0778242900','1998-06-11','9','Female',NULL,'6205613956','2018-08-10 11:18:41','2018-08-10 11:38:18'),(98,'10','Tsungai','Shumbayaonda','7e76a9f24c7e4d5a8335be6ff31b8175454a8a8b.jpg','7','29-2075935-R-22','tsungieshumbayaonda@gmail.com','1416 Nehosho\r\nGweru',NULL,'0771662356','1997-05-21','9','Female',NULL,'2611142921','2018-08-10 11:22:50','2018-08-10 11:22:50'),(99,'10','Bethel','Chatendeuka','e8f536ebbd5df164f00a31625e78a67528ba2be7.jpg','7','63-2584092-D-25','bethkgaogelo@gmail.com','Ascot extension Gweru',NULL,'0782989381','1995-07-20','9','Female',NULL,'6485901612','2018-08-10 11:28:31','2018-08-10 11:28:31'),(100,'2','Tafadzwa Vivian','Nyamande','11893042a0c77335c54e92fdf7aeac2973e80495.jpg','2','43-021571-B-43','','gateway High School\r\nP.O.Box EH120',NULL,'0734640655','1967-09-26','9','Female',NULL,'4804586542','2018-08-10 11:32:58','2018-08-10 11:32:58'),(101,'10','Orpah','Chikandiwa','e8b3c787e31f942c31d211b21331142219aeabb9.jpg','7','24-199270-D-26','chikandiwao@gwerupoly.ac.zw','12 Sono Rimuka\r\nKadoma',NULL,'0775180607','1993-03-13','9','Female',NULL,'6302130915','2018-08-10 11:34:47','2018-08-10 11:34:47'),(102,'10','Joyce','Watambwa','e7d517a76f5a4bb618ed7edb7d39b83a53ab5202.jpg','7','18-117987-N-18','joyiewatts@gmail.com','Gweru Polytechnic\r\nP.O.Box 137\r\nGweru',NULL,'0772783523','1988-11-10','9','Female',NULL,'2298169581','2018-08-10 11:35:05','2018-08-10 11:35:05'),(103,'10','Rabecca','Choga','51ad3a03fda74f35e1595cb79e56b430e0666552.jpg','7','38-238876-V-38','rebecca@gmail.com','Hse No. 5331/1\r\nMkoba 11\r\nGweru',NULL,'0779013817','1995-12-17','9','Female',NULL,'1986953161','2018-08-10 11:41:34','2018-08-10 11:41:34'),(104,'10','John','Govera','8de3c78a66445baca7fb46232b8e8e6449f7c0b9.jpg','7','38-138883-G-38','nojgee@gmail.com','47 Kopje Road \r\nKopje\r\nGweru','0542225526','0712938758','1981-01-01','9','Male',NULL,'8536159727','2018-08-10 11:43:11','2018-08-10 13:18:45'),(105,'2','Stanleys Simbarashe','Mavolwani','b4c636ec979008ba6b72b4b0d1006f88f0a6afdb.JPG','1','18-2002900-N-18','','17 mukoko \r\nZengeza 1',NULL,'0737764538','2001-01-01','20','Male',NULL,'1100508380','2018-08-10 13:02:03','2018-08-10 13:02:03'),(106,'2','Talent','Ruzive','819b5482a60cdbfb1c3d058877b5380611a6ab00.JPG','1','59-200382-Q-27','','seke 5 Primary \r\nStaff House \r\nChitungwiza',NULL,'0782409319','2001-04-08','20','Male',NULL,'8662295786','2018-08-10 13:02:25','2018-08-10 13:02:25'),(107,'2','Mirriam Nyasha','Mutandwa','a5a3288188fa4f3ddf55aebaee992fd8bc4e5e14.jpg','1','63-2224325-C-43','','6495 Second Circle \r\nGlen View 3',NULL,'0771608789','2001-07-17','20','Female',NULL,'5060654343','2018-08-10 13:07:22','2018-08-10 13:07:22'),(108,'2','Beula','Kaisa','8d5b18c4209f21132c3e21dba5fbb032cb4e7a83.jpg','1','63-3019919-D-23','','97/98 UNIT f \r\nSEKE',NULL,'0782488419','2001-08-22','20','Female',NULL,'6408897709','2018-08-10 13:10:50','2018-08-10 13:10:50'),(109,'2','Jesca','Mazarura','6a5377fd2c078f534a44e5c512080ca46f074701.jpg','1','59-201553-N-47','','18204 Unit L \r\nSeke',NULL,'0776277541','2001-06-08','20','Female',NULL,'6911584429','2018-08-10 13:15:01','2018-08-10 13:15:01'),(110,'2','Ruvimbo Chantel','Marumba','4c9a864e3ebe6101f20b3ed77844a66cb30dd954.jpg','1','63-2394039-Z-75','','1-140 beadle rd \r\nwaterfalls',NULL,'0772719816','2004-10-01','20','Female',NULL,'3484228249','2018-08-10 13:25:40','2018-08-10 13:25:40'),(111,'2','Diana','Matengambiri','2ac076f4a288c042cf0ac671e9587615defe2fba.jpg','1','63-2252213-Q-50','matengambiridiana68@gmail.com','10620 Hatcliff \r\nBorrowdale',NULL,'0784009553','2001-07-21','20','Female',NULL,'6064684740','2018-08-10 13:32:36','2018-08-10 13:32:36'),(112,'2','Rukudzo panashe','Chimanga','0b887cde6379691ce359d17e9d47314b6e3a1ded.jpg','1','63-2421309-Q-70','','rhodesville\r\npolice Camp',NULL,'0772672649','2001-01-07','20','Female',NULL,'7181467653','2018-08-10 13:41:17','2018-08-10 13:41:17'),(113,'2','Prosper','Chiyangwa','3d8c5c187fcd882b20acfd61a06fe3f0660d5e84.jpg','1','43-2048681-F-42','','6 Tsanga \r\nMufakose',NULL,'0773021665','2000-06-23','11','Male',NULL,'2039020399','2018-08-10 13:48:12','2018-08-10 13:48:12'),(114,'2','Peter','Chabarwa','097bb04d6b6bc3d0cfd34e16affee4d574c4e0f3.JPG','1','63-3188890-S-42','persiesamaz@gmail.com','4 Mupangara Zengeza 5 Old',NULL,'0719176915','2001-06-16','20','Male',NULL,'5728012866','2018-08-10 13:48:30','2018-08-10 13:48:30'),(115,'2','Steven','Lusias','0e555740865488a9a89bb37e1b7a938da5c9b3ed.jpg','1','63-2294263-X-63','','66 Mutsambatsi \r\nMufakose',NULL,'0775147543','1999-12-28','14','Male',NULL,'9046084785','2018-08-10 13:50:57','2018-08-10 13:50:57'),(116,'2','Stanley','Mangwengwe','58355945fca443c447079ad09cbbc2fb034e9047.JPG','1','29-2008097-E-27','persiesama@gmail.com','17284 Unit M Seke Chitungwiza',NULL,'0773396207','2001-01-17','20','Male',NULL,'5470266445','2018-08-10 13:53:02','2018-08-15 08:14:14'),(117,'2','Lorrain Anesu','Anubi','3788160ae820989c0825d351826bcac66b84c871.jpg','1','63-2564683-G-63','','4 gora Close \r\nMufakose',NULL,'0772902460','2001-10-18','11','Female',NULL,'7325402253','2018-08-10 13:54:17','2018-08-16 13:35:56'),(118,'2','Blessed','Mukodza','fce24010667046e43c4f8f70b49b90f72aaada0f.JPG','1','63-2895837-G-50','blessedcmukodza@gmail.com','27299 Seke Unit J Chitungwiza',NULL,'0733655960','2001-08-29','20','Male',NULL,'6251395614','2018-08-10 13:56:37','2018-08-10 13:56:37'),(119,'2','Matilda','Takaruva','5959be2439afb0c67907b70ac65e29843ce30480.jpg','1','63-2252348-M-18','','53 Mhembwe\r\nMufakose',NULL,'0774261391','2002-03-08','11','Female',NULL,'6527756076','2018-08-10 13:58:00','2018-08-10 13:58:00'),(120,'2','Elvis','Tholanah','d041031dc2b3a4bb19d6d4fb2a2b69fad2c40860.jpg','1','63-2240793-C-18','','2268 \r\nColbrough',NULL,'0772464432','2001-11-13','14','Male',NULL,'2132131086','2018-08-10 14:00:20','2018-08-16 13:39:41'),(121,'2','Nobel','Gwenhamo','5895bc5b0f3cc51176c94cce095feda42301c140.JPG','1','63-2225784-N-12','ck@gmail.com','4374 Unit D Seke Chitungwiza',NULL,'0713078506','2001-08-03','20','Male',NULL,'7808918709','2018-08-10 14:02:17','2018-08-10 14:02:17'),(122,'2','Salom','Balatu','7ab6608c5d75c2baa5295d8f46756f283c49e9e5.jpg','1','63-2380783-Q-63','','1462 Colbrough',NULL,'0782911043','2003-07-22','11','Female',NULL,'8872777033','2018-08-10 14:02:21','2018-08-10 14:02:21'),(123,'2','Paul','Tadzimirwa','27093f807bb096b79d4336f334ece19e9851fff8.JPG','1','63-2222409-V-38','persieamaz@gmail.com','E4 Masasa Police Camp',NULL,'0777272039','2001-07-29','20','Male',NULL,'4820908324','2018-08-10 14:04:41','2018-08-10 14:04:41'),(124,'2','Elvis','Musiyiwa','cf38ad41d51c67eaf040430a69b4b0d5272c6b0d.JPG','1','59-201454-F-47','persesamaz@gmail.com','2174 Unit A Seke Chitungwiza',NULL,'0778570917','2001-06-08','20','Male',NULL,'4286665954','2018-08-10 14:07:32','2018-08-10 14:07:32'),(125,'2','Leon','Magumise','0eedc924dfe07f609e386c927328e94195f9e095.JPG','1','63-3135508-T-44','pesesamaz@gmail.com','3727 Unit D Chitungwiza',NULL,'0776668273','2001-10-03','20','Male',NULL,'5094696014','2018-08-10 14:11:42','2018-08-10 14:11:42'),(126,'2','Takudzwa Dennia','Mupawayenda','360faa403ac1d5fbcc570933e17b9b7f21256339.jpg','1','63-2652001-S-42','','23 Zambuko \r\nMufakose',NULL,'0772777884','2003-09-21','14','Male',NULL,'2391410220','2018-08-10 14:11:44','2018-08-10 14:11:44'),(127,'2','Thenjiwe Tsitsi','Makodza','6802e73bb165147bd14ba0e7fec6f6426d186402.jpg','1','63-2778122-F-66','','26 Chikwezvero \r\nzengeza 2',NULL,'0772869299','2001-05-20','20','Female',NULL,'8984676686','2018-08-10 14:12:26','2018-08-10 14:12:26'),(128,'2','Wellington','Chakadya','b2dcae04e09c03bcfabaf6ebf03b1001b27105db.JPG','1','63-2858204-B-43','persiesaz@gmail.com','27 Rukodzi Zengeza 1',NULL,'0774407796','2002-01-25','20','Male',NULL,'2783007479','2018-08-10 14:14:35','2018-08-10 14:14:35'),(129,'2','Panashe','Mudzimba','a49417e284d35997c4b82a5031af61293ce28906.jpg','1','24-113502-C-22','persamaz@gmail.com','4221 Unit D Seke Chitungwiza',NULL,'0773778488','2003-06-25','8','Female',NULL,'7498720511','2018-08-10 14:34:21','2018-08-10 14:34:21'),(130,'2','Kudakwashe','Mutayaunga','17a374dd652acd2db0e9e4503e82a6922bb3f48e.jpg','1','52-2008809-X-49','prsiesaz@gmail.com','31297 Unit A Seke Chitungwiza',NULL,'0772115855','2000-04-21','8','Male',NULL,'9959433428','2018-08-10 14:36:53','2018-08-10 14:36:53'),(131,'2','Tinashe','Mudzengerere','8b3e6008b07b3093f7c1f1b45eee852232f3705c.jpg','1','63-2975858-L-85','rsiesamaz@gmail.com','17878 Unit M Seke Chitugwiza',NULL,'0773396317','2002-09-15','14','Male',NULL,'4167935241','2018-08-10 14:39:20','2018-08-10 14:39:20'),(132,'2','Nicole Kundai','Nyamutsamba','15779100494a4a0c8300c3da57a20c0d3f18e325.jpg','1','63-2222081-N-18','','14426 madokero \r\nWestgate',NULL,'0785592447','2001-06-19','20','Female',NULL,'5275105208','2018-08-10 14:39:43','2018-08-10 14:39:43'),(133,'2','Annahmaria','Jirimwe','6a5c7e53e7f63cb038bc34839fb11d934e9d8a20.jpg','2','63-1025766-W-45','','18 18 Cresent \r\nWarren Park',NULL,'0773465707','1979-01-13','20','Female',NULL,'2235935083','2018-08-10 14:42:37','2018-08-10 14:42:37'),(134,'1','Rosemary','Mpofu','88c4f1f61b45f3352ae5fd1b7cd9b1d1526df2da.jpg','1','58-2014009-X53','rosemarympofu@gmail.com','Bulawayo','0773592746','0773592746','2007-12-05','19','Female',NULL,'8465773861','2018-08-10 14:44:36','2018-08-10 14:44:36'),(135,'2','Tafadzwa','Nota','4f191fd668d1c01d5746707ba1e9b695fbc83f7c.jpg','1','59-206270-Q-59','tafadzwanot@gmail.com','6911 Unit J Seke Chitungwiza',NULL,'0771588276','2000-11-14','8','Male',NULL,'6854460856','2018-08-10 14:44:39','2018-08-10 14:44:39'),(136,'2','Pepetua Rasai','Chamatunhu','05d9f257988a575592e30d65937696a421c854e0.jpg','2','42-107813-L-42','','1141 Southlea Park',NULL,'0778234720','1965-01-03','11','Female',NULL,'8330271400','2018-08-10 14:45:46','2018-08-10 14:45:46'),(137,'2','Munyaradzi','Huni','97f3798f6ca9c0ca828d68a4c8d80aefb499d73f.jpg','1','59-061048-Q-18','siesamaz@gmail.com','18263 Unit L Seke Chitungwiza',NULL,'0785324037','2002-12-28','14','Male',NULL,'8330843410','2018-08-10 14:46:50','2018-08-10 14:46:50'),(138,'2','Tsitsi','Banda','1578c9eadab90f8dd977cee198505c8bcb635bc0.jpg','2','22-206862-S-22','','6605 Westlea',NULL,'0773657097','1982-08-29','11','Female',NULL,'3916373875','2018-08-10 14:48:23','2018-08-10 14:48:23'),(139,'2','Pardon','Shereni','ca55d06b65694105c1965e7df396641107c82845.jpg','1','59-016500-T-58','persiesmz@gmail.com','1899 Unit A Seke Chitungwiza',NULL,'0777607029','2001-07-10','8','Male',NULL,'8903023438','2018-08-10 14:50:28','2018-08-10 14:50:28'),(140,'2','Ellison','Munhenga','7b1e6b7bb45d60ec5313508eb0aa6f9153810336.jpg','1','63-737153-N-47','iesamaz@gmail.com','18220 Unit L Seke Chitungwiza',NULL,'0774462166','2002-08-27','14','Male',NULL,'3627761701','2018-08-10 14:53:07','2018-08-10 14:53:07'),(141,'2','Ritta','Gondo','9a5ec94ab2e64ff2b1d66ea72ee1d9dfc8eb046c.jpg','2','45-045355-R-32','rittagondo9@gmail.com','2575 Unit B \r\nSeke',NULL,'0773533734','1970-07-29','10','Female',NULL,'4516579157','2018-08-10 14:54:23','2018-08-10 14:54:23'),(142,'1','Kimberly','Mucheki','f21d08bcdc680bf43798d9cd9243e2c01a474167.jpg','1','08-2309601-G-42','kimmucheki@gmail.com','Bulawayo','0775671387','0775671387','2006-02-11','19','Female',NULL,'9419146767','2018-08-10 14:55:17','2018-08-10 14:55:17'),(143,'2','Joselyne','Chikazhe','7e7672501d31902903213ceaaf9633245ec627a0.jpg','1','47-2003888-D-47','keotifanynoti@gmail.com','10009 Unit H Seke Chitungwiza',NULL,'0779915686','2003-03-26','8','Female',NULL,'2774285014','2018-08-10 14:56:09','2018-08-10 14:56:09'),(144,'1','Tandiwe','Mahara','aa5de568727374bacd5312a4253c987ceb120754.jpg','1','66-201738-R-66','tmahara@gmail.com','Bulawayo',NULL,'0733768876','2006-11-04','19','Female',NULL,'2235263138','2018-08-10 15:01:13','2018-08-10 16:29:59'),(145,'2','Thelma Francisca','Chitewe','8fa3e78728ea18e9f52ccef1458658add389441e.jpg','1','59-204977-K-38','','7 Hatineti Rd \r\nZengeza 5',NULL,'0732433480','2000-09-06','10','Female',NULL,'2854211705','2018-08-10 15:03:23','2018-08-10 15:03:23'),(146,'2','Raviro','Munyeketi','bde893244abe7db498bfce6f41fa1344002cf238.jpg','2','63-997912-X-04','','Jairos Jiri',NULL,'0774813825','1973-11-13','12','Female',NULL,'4391552963','2018-08-10 15:07:07','2018-08-10 15:07:07'),(147,'2','Chipo Elizabeth D','Madari','a0fad632168887abb62985d6d848cce7e7e91feb.jpg','2','63-1020932-R-75','','Mutasa Primary School\r\nBox HD31\r\nHighfield',NULL,'0734667320','1978-06-17','12','Female',NULL,'1362041985','2018-08-10 15:14:08','2018-08-10 15:14:08'),(148,'1','Nomselo Nolwazi','Ncube','5ba32a629a999235aa7e75df513426b4781221c6.jpg','1','08-2311470-N-19','nomseloncube@gmail.com','Bulawayo',NULL,'0712020143','2007-10-01','19','Female',NULL,'6333377227','2018-08-10 15:30:20','2018-08-10 15:30:20'),(149,'1','Sibonisiwe','Ngwenya','03e3eb13d3eb95b019d628e0842f1cc4e9ac231b.jpg','1','08-2311464-G-73','','Bulawayo',NULL,'0779253860','2006-06-20','19','Female',NULL,'6265043541','2018-08-10 15:46:47','2018-08-10 15:51:44'),(150,'1','Heather Solomon','Mumpande','91fec75e4eb7a971d078a1020eb82ca068509373.jpg','1','08-2309800-Y-06','','Bulawayo',NULL,'0775181651','2006-02-02','19','Female',NULL,'1878642288','2018-08-10 16:00:53','2018-08-10 16:00:53'),(151,'15','Marshall Collin','Matiza','2df7f2a8378f1b83d09839b392be106845801a32.jpg','7','63-1292783G18','marshallmatiza@gmail.com','51 RUCHENGETO CRES. ZENGEZA 3 CHITUNGWIZA','0774110001','0716800977','1986-05-14','9','Male',NULL,'6386018416','2018-08-10 16:02:58','2018-08-10 16:02:58'),(152,'1','Ashante','Phiri','1839e54b462bf6ae7f045ed8538709a5e1441dfb.jpg','1','63-3129328-B-63','','Bulawayo',NULL,'0715118689','2007-03-01','19','Female',NULL,'1780171180','2018-08-10 16:03:46','2018-08-10 16:03:46'),(153,'1','Evelyn Miriro','Mapuranga','b4ad46c43cf2ee3e8de74c60e0da2d604b66c879.jpg','1','58-2019983-Q-04','','Bulawayo',NULL,'0773704210','2006-12-01','19','Female',NULL,'8592846168','2018-08-10 16:09:18','2018-08-10 16:09:18'),(154,'15','Benjamin','Magobeya','20c193ff77804e6156ab18a6e6e65d6e50560735.jpg','2','59-102284-M-75','bmagobeya@gmail.com','3836 MANYAME PARK CHITUNGWIZA','0773613766','0719613767','1988-03-17','9','Male',NULL,'8576314158','2018-08-10 16:10:37','2018-08-10 16:10:37'),(155,'1','Andile Deborah','Mpanyimo','d4549938cedb6c280cfa2b6b74cc81990bb70c15.jpg','1','41-2002824-F-41','','Bulawayo',NULL,'0773384595','2006-02-01','19','Female',NULL,'8382426887','2018-08-10 16:14:37','2018-08-10 16:14:37'),(156,'1','Shantel','Dengiza','ef30da4dfed08dd09868f37b2f2007e0e391083f.jpg','1','08-2256426-H-18','','Bulawayo',NULL,'0774314359','2006-04-06','19','Female',NULL,'2020008228','2018-08-10 16:19:00','2018-08-10 16:19:00'),(157,'1','Rosemary','Mpofu','ca79895b500c4b9b7de9da124108cdc1341594d3.jpg','1','58-2014009-X-53','','Bulawayo',NULL,'0773592746','2007-12-05','19','Female',NULL,'9749093255','2018-08-10 16:23:50','2018-08-10 16:23:50'),(159,'1','Sinesipho','Mpunzi','f80f34426b4679be53a876bc4746de616aa7e51a.jpg','1','08-2310784-S-21','','Bulawayo',NULL,'0712964467','2006-10-18','19','Female',NULL,'1698946788','2018-08-10 16:37:11','2018-08-10 16:37:11'),(160,'6','Sheanesu V','Matiure','ae0a9bb06a3ca2a873706d8ea586d2550bf23da2.jpg','1','79-2040479-N-04','','Kutama College\r\nZvimba',NULL,'0773593449','2002-01-07','8','Male',NULL,'7083991031','2018-08-13 15:12:31','2018-08-13 15:12:31'),(163,'6','Newstar','Saradinya','2fab12deee0d6f5145b19001c823c3f153bb2d97.JPG','1','15-2009630-H-32','','Kuwadzana Primary\r\nBanket',NULL,'0782186942','2006-02-13','19','Female',NULL,'9879749251','2018-08-13 15:51:30','2018-08-13 15:51:30'),(164,'6','Ephraim','Chiwara','45ed271123e1c4ca6d6c8fdd6dab9cacb80ca893.JPG','2','70-115081-T-50','fadzaichiwara@gmail.com','6455 Rusununguko\r\nChinhoyi',NULL,'0773593449','1972-11-28','8','Male',NULL,'4092959471','2018-08-13 15:55:51','2018-08-13 15:55:51'),(165,'6','Tadiwa','Nherera','00ff1f46a2c5aac063492f020d30c6ceeb885916.JPG','1','32-2035199-J-32','','Pfupajena Primary\r\nChegutu',NULL,'0773948882','2006-01-04','19','Female',NULL,'9828344416','2018-08-13 15:58:40','2018-08-13 15:58:40'),(166,'6','Sibongile','Baloyi','2f407c8b6252b845fe21e812c52b5bb570c09953.JPG','1','37-2003135-H-54','','Mahombekombe Primary\r\nKariba',NULL,'0773499983','2006-01-19','19','Female',NULL,'4261579396','2018-08-13 16:01:00','2018-08-13 16:01:00'),(167,'6','Delin','Bangira','ab48958d55e6e91167a1f5af18d4e2a0209b162f.JPG','1','38-2034256-A-71','','Chikangwe Primary\r\nKaroi',NULL,'0772557901','2006-06-11','19','Female',NULL,'8858278851','2018-08-13 16:03:12','2018-08-13 16:03:12'),(168,'6','Tanaka','Nyamhaka','ed7ec244d919681ed926e8aabfa225c6deaedf31.JPG','1','70-2065341-A-71','','Mhangura Primary\r\nMhangura',NULL,'0775834871','2006-03-27','19','Female',NULL,'1260794650','2018-08-13 16:04:47','2018-08-13 16:04:47'),(169,'6','Tatenda','Chinhema','9897dd7d08eddd43697032b14dd4905915d77de8.JPG','1','70-2074855-R-70','','Alaska Primary\r\nChinhoyi',NULL,'0713297700','2006-01-31','19','Female',NULL,'5660269484','2018-08-13 16:07:49','2018-08-13 16:07:49'),(170,'6','Helen','Chakabva','fc0688473fabc4bd3996a0ad2cba54df2c9e9f44.JPG','1','38-2034513-E-38','','Dombo Primary\r\nHurungwe',NULL,'0715048791','2006-01-10','19','Female',NULL,'2833842797','2018-08-13 16:10:05','2018-08-13 16:10:05'),(171,'6','Ruvarashe','Kabudura','a71cb831d1bec8f3aebdc98db8d0baba29be7232.JPG','1','70-2074232-P-71','','Mhangura Mine Primary\r\nMhangura',NULL,'0718092592','2007-03-14','19','Female',NULL,'3417845246','2018-08-13 16:12:00','2018-08-13 16:12:00'),(172,'6','Thelma','Chapfuradombo','efe0cad502c3c927cbd6d4a4e7375bf5678e53b6.JPG','1','38-203436-W-38','','Dzimaiwe Primary\r\nHurungwe',NULL,'0779715611','2006-03-03','19','Female',NULL,'5070763909','2018-08-13 16:14:18','2018-08-13 16:14:18'),(173,'6','Ashly W','Sikala','d7e8e28973455e82a4dc63440d6071c8b22f5a40.JPG','1','38-2034304-C-38','','Moy Primary\r\nKaroi',NULL,'0773995410','2006-10-14','19','Female',NULL,'1367878372','2018-08-13 16:17:03','2018-08-13 16:17:03'),(174,'6','Trish','Rufai','7e4a575fdc4450bba522d5173857de1b1a6162e7.JPG','1','38-2034348-A-38','','Magunje Barracks\r\nMagunje',NULL,'0776152206','2006-01-03','19','Female',NULL,'9501334896','2018-08-13 16:18:52','2018-08-13 16:18:52'),(175,'6','Evelyn','Takawira','8e15e2b4f8c0118df9db94bff1fbcbe7fbcd863d.JPG','1','83-2034335-W-83','','Alpha Bricks\r\nZvimba',NULL,'0772606321','2006-02-23','19','Female',NULL,'7936347892','2018-08-13 16:20:45','2018-08-13 16:20:45'),(176,'6','Takudzwa S','Basopo','680296cf0cbe55669af00c0d6e87384ae245647a.JPG','1','86-2018353-V-15','','Sacred Heart\r\nBanket',NULL,'0777050253','2002-02-18','20','Male',NULL,'3735189926','2018-08-14 08:03:11','2018-08-14 08:03:11'),(177,'6','Munashe','Mtandwa','f0c159988088c6f9578c01782a3017bc20618541.JPG','1','86-109779-K-86','','Karoi High\r\nKaroi',NULL,'0777050253','2001-08-17','20','Male',NULL,'7188374369','2018-08-14 08:06:49','2018-08-14 08:06:49'),(178,'6','Tadiwanashe J','Jose','291b40f98c305d41d31b7f88c396feccec259ed0.JPG','1','50-2015142-G-38','','Karoi High \r\nKaroi',NULL,'0717876809','2001-09-02','20','Male',NULL,'3252466886','2018-08-14 08:09:13','2018-08-14 08:09:13'),(179,'6','Robert','Goronga','ff6a07e45370a01564d5d3dae36f7aa77af22b5b.JPG','1','38-277921-K-49','','Chiedza Karoi\r\nKaroi',NULL,'0717876809','2002-05-17','20','Male',NULL,'9171686102','2018-08-14 08:17:32','2018-08-14 08:17:32'),(180,'6','Rynnie T','Samukonde','b814975fc524aafcbfce862403523237bdafc6bc.JPG','1','70-215908-T-75','','Nemakonde High\r\nChinhoyi',NULL,'0777050253','2001-05-30','20','Male',NULL,'4854644056','2018-08-14 08:22:34','2018-08-14 08:22:34'),(181,'6','Sandra','Alibinu','d76fa33fb135bce60033e04a440f273b1178a1ec.JPG','1','32-2048958-P-32','','Pfupajena Primary\r\nChegutu',NULL,'0773556294','2009-03-07','2','Female',NULL,'6435605332','2018-08-14 08:25:51','2018-08-14 08:25:51'),(182,'6','Wisdom','Shayamano','9bf9cba2e8d2be8bdab574fa99904c763b9b989a.JPG','1','63-2223953-Y-18','','Kuwadzana High\r\nBanket',NULL,'0777050253','2001-09-03','20','Male',NULL,'6080881209','2018-08-14 08:26:40','2018-08-14 08:26:40'),(183,'6','Kundai','Magama','4f7f7a07a2f9e75a813670c8e602dc1298318953.JPG','1','86-2030876-G-86','','Kuwadzana High\r\nBanket',NULL,'0717876809','2002-01-06','20','Male',NULL,'2662584713','2018-08-14 08:35:54','2018-08-14 08:35:54'),(184,'6','Takudzwa','Pembere','7e0ab8a7fc6dbe6bfdcd4a100976243debe2369e.JPG','1','32-2019101-J-70','','Chinhoyi High \r\nChinhoyi',NULL,'0717876809','2001-06-21','20','Male',NULL,'4300907650','2018-08-14 08:38:26','2018-08-14 08:38:26'),(185,'6','Stephen','Chamangwa','d0e69fb4eab20bb68e20ea61896df16295cf7892.JPG','2','70-432721-B-70','','Hurungwe District Office\r\nHurungwe',NULL,'0777050253','0019-03-14','20','Male',NULL,'5479033637','2018-08-14 08:44:41','2018-08-14 08:44:41'),(186,'6','Yeukai P','Manjonjo','60b21e2ebdf16a5486b523a0b3c20c78d697149b.JPG','1','24-2004247-T-38','','Chedonje Primary\r\nSanyati',NULL,'0773556294','2021-03-06','2','Female',NULL,'6845862646','2018-08-14 08:53:49','2018-08-14 08:53:49'),(187,'6','Dean K','Kakwere','413f51b2b08796dcbe1df8ca171d443f84053229.JPG','1','37-2001195-Z-38','','Nyamhunga Primary\r\nKariba',NULL,'0773658360','2006-03-07','2','Male',NULL,'6110322511','2018-08-14 08:55:16','2018-08-14 08:55:16'),(188,'6','Esther','Maseko','43d38f5cf3bf70f1bfb1945bff12b35d49bf6f26.JPG','1','70-2075153-Q-70','','Mhangura Mine Primary\r\nMhangura',NULL,'0773556294','2001-06-06','2','Female',NULL,'7475382464','2018-08-14 08:56:21','2018-08-14 08:56:21'),(189,'6','Sunday','Chibanga','c0ac8f86d049973abb69461a2bb3ed30a8ba5a78.JPG','1','70-2075171-K-63','','Nyamhunga Primary\r\nKariba',NULL,'0773658360','2006-01-17','2','Male',NULL,'5531835257','2018-08-14 08:57:59','2018-08-14 08:57:59'),(190,'6','Junior','Forosi','b7b6e2bd3bfd9d571beeb5fa4d2875a74d1bcf45.JPG','1','38-2034023-X-70','','Chiedza Primary\r\nKaroi',NULL,'0773556294','2015-07-06','2','Female',NULL,'7475783313','2018-08-14 08:58:38','2018-08-14 08:58:38'),(191,'6','George','Gauchi','702041b4b7223ae85524a97acb456752a672100d.JPG','1','70-2054926-E-75','','Mhangura Mine\r\nMhangura',NULL,'0773658360','2006-04-06','2','Male',NULL,'5651713710','2018-08-14 09:00:04','2018-08-14 09:00:04'),(192,'6','Tabeth','Nyati','7f77d4278fe325a551232979847f803246a9c66a.JPG','1','10-2006809-Q-79','','Pfupajena Primary\r\nChegutu',NULL,'0773556294','2025-07-06','2','Female',NULL,'1826699547','2018-08-14 09:00:40','2018-08-14 09:00:40'),(193,'6','Denzel','Nyampenza','6fa7caeaca710870be34b858757faba14010e745.JPG','1','70-2075169-H-70','','Mhangura Mine\r\nMhangura',NULL,'0776611923','2006-12-27','2','Male',NULL,'5405267594','2018-08-14 09:02:15','2018-08-14 09:02:15'),(194,'6','Tanatswa','Banda','3b950d9ec5f9d8eed338e9b2ef9f82139149fe7b.JPG','1','46-2008832-M-46','','Pfupajena Primary\r\nChegutu',NULL,'0773556294','2019-04-06','2','Female',NULL,'7435459027','2018-08-14 09:02:34','2018-08-14 09:02:34'),(195,'6','Locadia','Mehlumakulu','bfdbcda1ead50459bda12dcc215bad60faca0af2.JPG','1','70-2075152-P-70','','Mhangura Mine Primary\r\nMhangura',NULL,'0773556294','2007-05-07','2','Female',NULL,'3484223988','2018-08-14 09:04:42','2018-08-14 09:04:42'),(196,'6','Frank G','Mafulisa','ce87238b6120189a1483c5c0f804717410cbc13e.JPG','1','70-275172-L-70','','Mhangura Mine\r\nMhangura',NULL,'0776611923','2006-12-13','2','Male',NULL,'8961276308','2018-08-14 09:04:43','2018-08-15 08:13:55'),(197,'6','Ashly P','Kazawa','5088be26c0fe8eb920b3e640d4514ee52da3224c.JPG','1','63-3336684-N-63','','Chegutu Primary\r\nChegutu',NULL,'0774556294','2015-01-06','2','Female',NULL,'8071499585','2018-08-14 09:07:41','2018-08-14 09:07:41'),(198,'6','Shynice  K','Chawasema','ef167ff1ff7b0fc3c035ee539fbd1a710ddf3d88.JPG','1','24-2005131-E-24','','Chedonje Primary\r\nSanyati',NULL,'0773556294','2022-06-06','2','Female',NULL,'3937318480','2018-08-14 09:10:25','2018-08-14 09:10:25'),(199,'6','Nathaniel T','Mahachi','9f5dc09313f74f17b62178ddb6746313b5b84f73.JPG','1','70-2031830-A-38','','Kariba Heights\r\nKariba',NULL,'0776611923','2006-08-30','2','Male',NULL,'3280291050','2018-08-14 09:10:26','2018-08-14 09:10:26'),(200,'6','Dephine','Chifamba','32c276d149bc9f346d614415d48ffbeed7b1696d.JPG','1','70-2024554-R-32','','Sinoia Primary\r\nChinhoyi',NULL,'0774048126','2024-02-06','2','Female',NULL,'2817123546','2018-08-14 09:12:52','2018-08-14 09:12:52'),(201,'6','Tadiwanashe R','Chiyangwa','a74357cd45ae70b6c20fda6a5bd8c74e0f7c528e.JPG','1','37-2012050-Y-47','','Nyamhunga Primary\r\nKariba',NULL,'0773658360','2006-03-09','2','Male',NULL,'5196769700','2018-08-14 09:14:17','2018-08-14 09:14:17'),(202,'6','Wendy','Musa','aa170e227c2710c99fedc8452ce9b486e4b92345.JPG','1','32-2049014-A-32','','Mukono Primary\r\nMhondoro',NULL,'0774048126','2013-06-06','2','Female',NULL,'9850263369','2018-08-14 09:15:36','2018-08-14 09:15:36'),(203,'6','Tinotenda D','Mutete','a3d8b542047788e7490e967ba4e007c13fc3ec1e.JPG','1','37-2007651-R-38','','Kariba Heights\r\nKariba',NULL,'0776611923','2006-07-27','2','Male',NULL,'1668606114','2018-08-14 09:16:47','2018-08-14 09:16:47'),(204,'6','Kudzaishe','Muhlaingena','90dce5339a9cf8afcd4db1a2d0d32efa306df55e.JPG','1','38-2034025-Z-24','','Tambawadya Primary\r\nHurungwe',NULL,'0774048126','2026-08-06','2','Female',NULL,'9456514414','2018-08-14 09:17:46','2018-08-14 09:17:46'),(205,'6','Rutendo','Samu','aee6f42256fe35c928923bc634886e6d70116dc5.JPG','1','85-2007129-E-15','','Mukono Primary\r\nMhondoro Mubaira',NULL,'0774048126','2005-01-06','2','Female',NULL,'6884173127','2018-08-14 09:19:39','2018-08-14 09:19:39'),(206,'6','Tinashe P','Namaona','7bb8314c1f2e2ba8df7c2d9620a7341ef57a2eb7.JPG','1','37-2011984-B-38','','Nyamhunga Primary\r\nKariba',NULL,'0776611923','2006-01-20','2','Male',NULL,'6904514812','2018-08-14 09:20:46','2018-08-14 09:20:46'),(207,'6','Tracy','Vhurumundu','6479a7d230d7c794358d5926a4b656126cc0c3c8.JPG','1','63-2977231-D-32','','Pfupajena Primary\r\nChegutu',NULL,'0774048126','2003-04-06','2','Female',NULL,'8260032706','2018-08-14 09:21:43','2018-08-14 09:21:43'),(208,'6','Enock T','Chulu','095fdf409ec32a81eac073c86593d28bd4f4e9a9.JPG','1','07-2008910-D-24','','Mupaose Primary\r\nMhondoro Ngezi',NULL,'0773658360','2006-01-03','2','Male',NULL,'2979037340','2018-08-14 09:24:15','2018-08-14 09:24:15'),(209,'6','Britney E','Government','2a2733218d97ab59147473411985aeac82a7a1b3.JPG','1','24-2005434-J-07','','Tafadzwa Primary\r\nSanyati',NULL,'0774048126','2005-06-06','2','Female',NULL,'5895431915','2018-08-14 09:25:12','2018-08-14 09:25:12'),(210,'6','Simbarashe A','Ndawana','4f51547bf074438f3395f872aacefdc705c07834.JPG','1','24-2003752-F-24','','Mupaose Primary\r\nMhondoro Ngezi',NULL,'0773658360','2006-01-25','2','Male',NULL,'2518077751','2018-08-14 09:26:53','2018-08-14 09:26:53'),(211,'6','Prosper','Molosei','a869756c048dc78e735e74c385011a9702d164fa.JPG','1','38-2034715-Z-38','','Chikangwe Primary\r\nKaroi',NULL,'0773658360','2007-08-13','2','Male',NULL,'9252038467','2018-08-14 09:29:53','2018-08-14 09:29:53'),(212,'6','Valerie T','Mushaninga','31c3edf48a33ec61adfc86ff0cff019d892f1e0d.JPG','1','86-2039437-M-15','','Kuwadzana Primary\r\nZvimba',NULL,'0774048126','2022-01-06','2','Female',NULL,'3923364793','2018-08-14 09:31:00','2018-08-14 09:31:00'),(213,'6','Nevael','Scotch','bd81e42d93c86a8f7163326efa6ac3281d937bee.JPG','1','32-2049016-C-38','','Mupaose Primary\r\nMhondoro Ngezi',NULL,'0776611923','2007-04-20','2','Male',NULL,'9026270818','2018-08-14 09:32:23','2018-08-14 09:32:23'),(214,'6','Mitchelle T','Chinhori','9da09736a0061d17fb0d87f667fadd6ac9184a09.JPG','1','58-2048469-D-66','','Chegutu Primary\r\nChegutu',NULL,'0774048126','2028-02-07','2','Female',NULL,'4284629166','2018-08-14 09:32:56','2018-08-14 09:32:56'),(215,'6','Talent','Masuku','343d31987c635335c3f5c6c0a869459c16863d8d.JPG','1','24-2010195-J-58','','Tafadzwa Primary\r\nSanyati',NULL,'0774048126','2007-03-07','2','Female',NULL,'4965607233','2018-08-14 09:35:18','2018-08-14 09:35:18'),(216,'6','Nelson T','Kumupama','b750c3e9f51c9be3ed80555b61cdd0f77111c30f.JPG','1','32-2048036-M-32','','Pfupajena Primary\r\nChegutu',NULL,'0773658360','2007-06-12','2','Male',NULL,'7228907807','2018-08-14 09:35:56','2018-08-14 09:35:56'),(217,'6','Thomas A','Foya','0de28c3393a4746bf8ce4c0e285a5f8ae05a65c9.JPG','1','32-2049039-C-71','','Pfupajena Primary\r\nChegutu',NULL,'0773658360','2006-01-17','2','Male',NULL,'1745576093','2018-08-14 09:38:26','2018-08-14 09:38:26'),(218,'6','Tafadzwa V','Mainoti','1fce1cb0b34533b88c6b15155377568bd588f957.JPG','1','32-2047855-Q-32','','Chegutu Primary\r\nChegutu',NULL,'0773658360','2006-03-11','2','Male',NULL,'8231631171','2018-08-14 09:40:30','2018-08-14 09:40:30'),(219,'6','Yasser K','Garatiya','1a800c80c1796c2b8362df62f1dde32d64487124.JPG','1','32-219650-H-12','','Chegutu',NULL,'0772743616','2029-05-01','18','Male',NULL,'4969085919','2018-08-14 09:41:58','2018-08-14 09:41:58'),(220,'6','Tanaka L','Mutukwa','b11330bf7ee639b2cca5cb0d069f7adb8e581a78.JPG','1','32-2038875-E-27','','Chegutu Primary\r\nChegutu',NULL,'0773658360','2006-12-04','2','Male',NULL,'9923231703','2018-08-14 09:43:01','2018-08-14 09:43:01'),(221,'6','Sinolia','Makombe','ebaac4b9d65d7191a8353a716e1a056a0d9dacb7.JPG','1','63-3011062-H-63','','Zvimba',NULL,'0772743616','2028-06-01','18','Female',NULL,'9310288457','2018-08-14 09:43:27','2018-08-14 09:43:27'),(222,'6','Devine P','Mupambwa','a08115aac4f9d52a9b0c0652c744a55630d9484b.JPG','1','32-219440-E-48','','Chegutu',NULL,'0772743616','2016-04-01','18','Male',NULL,'8352473044','2018-08-14 09:45:19','2018-08-14 09:45:19'),(223,'6','Ronald','Makuvire','84f606c170130aa3d68d24345c7af8b5b362a924.JPG','1','24-2014004-Z-83','','Tafara Venice\r\nMhondoro Ngezi',NULL,'0773658360','2008-04-24','2','Male',NULL,'9477853472','2018-08-14 09:45:33','2018-08-14 09:45:33'),(224,'6','Hillary','Muchinouta','bd577f60ba19646cda5e9e265e1e99d518db4a91.JPG','1','37-012655-W-07','','Kariba',NULL,'0772743616','2014-09-01','2','Female',NULL,'6094926832','2018-08-14 09:51:24','2018-08-14 09:51:24'),(225,'6','Chengetai','Madonho','32ae0449a256e0295a5828d30f7d992ff1dc0679.JPG','1','86-2014102-Z-18','','Zvimba',NULL,'0772743616','2001-07-01','18','Female',NULL,'8732907701','2018-08-14 09:55:01','2018-08-14 09:55:01'),(226,'6','Rosemary','Nchere','2922144344df3a8984b4809a247542f75df21c82.JPG','1','70-209830-B-70','','Chinhoyi Primary\r\nchinhoyi',NULL,'0772938899','2006-02-02','8','Female',NULL,'6739423687','2018-08-14 09:57:37','2018-08-14 09:57:37'),(227,'6','Grace','Kandare','16ee3932ab25807fce6cc82a6fc1a485e31ad127.JPG','1','24-2040826-D-24','','Eastelia Primary\r\nsanyati',NULL,'0772938899','2006-10-24','8','Female',NULL,'6765137462','2018-08-14 10:01:28','2018-08-14 10:01:28'),(228,'6','Cynthia','Mandizvidza','e7397f06d92c5dca0d570594e2b780101b814706.JPG','1','24-2004434-H-24','','Twin Tops Primary\r\nMhondoro Ngezi',NULL,'0772938899','2006-04-20','8','Female',NULL,'2511273410','2018-08-14 10:04:51','2018-08-14 10:04:51'),(229,'6','Nokutenda','Mbengo','e50f56ed334878b2ed191462bd30feea32493aae.JPG','1','70-2036016-A-83','','Cotton Primary\r\nSanyati',NULL,'0772938899','2006-04-08','8','Female',NULL,'6283423780','2018-08-14 10:07:08','2018-08-14 10:07:08'),(230,'6','Sikhanyisiwe','Mpofu','d6c4b8a44357fa177aaf5fd6220caa74d1b80ce1.JPG','1','70-2024177-G-53','','Alaska Dolomite \r\nChinhoyi',NULL,'0772938899','2006-01-04','8','Female',NULL,'1411777007','2018-08-14 10:16:10','2018-08-14 10:16:10'),(231,'6','Mufaro H','Musiiwa','d94a128b383240999b799745391b2815f0cb2357.JPG','1','63-2468843-H-47','','Matanha Primary\r\nMhondoro Mubaira',NULL,'0772938899','2006-02-11','8','Female',NULL,'9109918118','2018-08-14 10:19:40','2018-08-14 10:19:40'),(232,'6','Makanaka','Muchemwa','9b9494d6ec5dc106d20b771f828f00625b3d5f09.JPG','1','63-2690160-V-42','','Field Air Base\r\nChegutu',NULL,'0772938899','2006-04-04','8','Female',NULL,'5730635344','2018-08-14 10:25:53','2018-08-14 10:25:53'),(233,'6','Last','Nyilenda','2e8ef13c8dec77af2cd698b43ef3e97a9f78c68e.JPG','1','38-2009961-S-39','','Karoi Enterprise\r\nKaroi',NULL,'0773919030','2002-06-13','2','Male',NULL,'5232414363','2018-08-14 10:32:58','2018-08-14 10:32:58'),(234,'6','Evans','Nyatsero','41cbb99be6b36c2d72468120f270d5874d2cbe9d.JPG','1','38-258611-W-38','','Chinhoyi High School\r\nChinhoyi',NULL,'0773919030','2001-03-22','2','Male',NULL,'2558048661','2018-08-14 10:39:00','2018-08-14 10:39:00'),(235,'6','Prince K','Mwanga','349300b24162c66095a776c430e3fb7a74add172.JPG','1','63-1660977-S-68','','Chegutu High\r\nChegutu',NULL,'0712563567','2001-12-05','2','Male',NULL,'8016589209','2018-08-14 10:45:52','2018-08-14 10:45:52'),(236,'6','Faison','Banda','f7ff7f131a422031043be0861c8908d5daa2d95a.JPG','1','58-2063401-J-58','','Booms Academy\r\nKadoma',NULL,'0712563567','2002-08-06','2','Male',NULL,'7735326298','2018-08-14 10:51:48','2018-08-14 10:51:48'),(237,'6','Tivimbenashe','Musongo','6493dea5bd0f5ccab5a21afba2df2b5af291c240.JPG','1','32-2001415-M-32','','Pfupagena High\r\nChegutu',NULL,'0712563567','2001-06-11','2','Male',NULL,'4655690098','2018-08-14 10:55:26','2018-08-14 10:55:26'),(238,'6','Makanaka','Chiwara','0f5eca9abe304d28bb2d4d5ad8102b466e80b93c.JPG','1','70-2024189-V-50','','Chinhoyi High\r\nChinhoyi',NULL,'0772557031','2023-04-05','1','Female',NULL,'7905637236','2018-08-14 10:55:39','2018-08-14 10:55:39'),(239,'6','Ashly T','Mutasa','de2adf532d338b9b86c4559110d3315e468de973.JPG','1','70-2017153-X-63','','Nemakonde High\r\nChinhoyi',NULL,'0772557031','2024-02-04','1','Female',NULL,'1757060598','2018-08-14 10:57:28','2018-08-14 10:57:28'),(240,'6','Devine','Makina','ab8ba27c425c644ad3035e92f761a2d31323e953.JPG','1','24-2028964-K-32','','Dalny High\r\nSanyati',NULL,'0712563567','2001-04-14','2','Male',NULL,'1304114045','2018-08-14 10:57:33','2018-08-14 10:57:33'),(241,'6','Loveness','Kamondo','32e74f126d8a568b0b3d9168dab5cbe0e63d786d.JPG','1','70-2065825-B-70','','Murereka High\r\nChinhoyi',NULL,'0772557031','2024-12-01','1','Female',NULL,'4125958332','2018-08-14 10:59:42','2018-08-14 10:59:42'),(242,'6','Lesley M T','Chembe','6a839fc24162f495994e480369f0217a762c196d.JPG','1','70-2011119-N-70','','Chimhoyi High\r\nChinhoyi',NULL,'0712563567','2002-05-29','2','Male',NULL,'1897234333','2018-08-14 11:00:14','2018-08-14 11:00:14'),(244,'6','Tanyaradzwa','Madzivanzira','33fed562f30989176109d0c321e5cf863f90faae.JPG','1','86-2000498-M-15','','Sacred Heart High\r\nZvimba',NULL,'0712563567','2001-02-01','2','Male',NULL,'2897532722','2018-08-14 11:03:10','2018-08-14 11:03:10'),(245,'6','Macdonald','Jenami','2c86481a940386f135e311c98beffe8a8063860c.JPG','1','38-2017510-Y-38','','Sacred Heart High\r\nZvimba',NULL,'0712563567','2001-10-11','2','Male',NULL,'7536779116','2018-08-14 11:06:27','2018-08-14 11:06:27'),(246,'6','Jimmy','Magama','4b62627115aa6f2f7dd28c09b45e94788b7968dd.JPG','1','38-2032953-J-38','','Chiedza High\r\nKaroi',NULL,'0772557031','2026-06-05','1','Male',NULL,'7951464379','2018-08-14 11:06:35','2018-08-14 11:06:35'),(247,'6','Thabani','Kamhonde','966813897dd8daeb76fa3a2c798f84e1dcc45578.JPG','1','70-2031874-Y-70','','Wervely High\r\nMhondoro',NULL,'0772557031','2030-10-01','1','Male',NULL,'6115633819','2018-08-14 11:08:47','2018-08-14 11:08:47'),(248,'6','Cephas','Kamambo','85a7b220b00fb66e00b91bff37f2f2adf2311572.JPG','1','70-2030478-F-71','','Chinhoyi High School\r\nChinhoyi',NULL,'0712563567','2002-06-08','2','Male',NULL,'2649000733','2018-08-14 11:08:58','2018-08-14 11:08:58'),(249,'6','Howard','Dzapasi','76235de8b52c569bd44678c9fa249773a3b66f2f.JPG','1','32-2023951-H-32','','Vimbai High \r\nNorton',NULL,'0712563567','2003-07-03','2','Male',NULL,'3050239408','2018-08-14 11:10:45','2018-08-14 11:10:45'),(250,'6','Blessing','Zimbudzana','4e3b76cad366d8d6d3a2506119bc6db870096de9.JPG','1','14-2013040-Z-43','','St Eric\r\nNorton',NULL,'0772557031','2019-07-02','1','Male',NULL,'5778720381','2018-08-14 11:12:03','2018-08-14 11:12:03'),(251,'6','John H','Bonomali','1e67805312445c31db5d491724a73f85b68b21f1.JPG','1','32-2006181-S-32','','Pfupajena High\r\nChegetu',NULL,'0712563567','2002-11-26','2','Male',NULL,'5243599860','2018-08-14 11:13:34','2018-08-14 11:13:34'),(252,'6','Swibineji','Mazhambe','8d39098e1a195ecc82921adb1967db0abff643f3.JPG','1','70-2011963-F-70','','Chinhoyi 2 High\r\nChinhoyi',NULL,'0772557031','2007-02-02','1','Male',NULL,'5507215170','2018-08-14 11:15:17','2018-08-14 11:15:17'),(253,'6','Tyrone K','Matongorere','5705566cc48715a464f3305c0e063d40e39ca513.JPG','1','63-2336526-G-47','','Chegutu High\r\nChegutu',NULL,'0712563567','2001-08-04','2','Male',NULL,'3276151835','2018-08-14 11:19:56','2018-08-14 11:19:56'),(254,'6','Kelvin J','Waya','abb481d9213d7eeb1a291bc2d932ca46e9f8d2f1.JPG','1','63-3029186-X-61','','Chegutu High School\r\nChegutu',NULL,'0712563567','2001-09-19','2','Male',NULL,'8242277467','2018-08-14 11:23:53','2018-08-14 11:23:53'),(255,'6','Gabriel','Mhuma','321d7e8edf02439982217f430b6d4bca7c7ec038.jpg','7','58-091683-H-26','','Ministry Of Education\r\nMashonaland West\r\nChinhoyi',NULL,'0774109838','1963-10-11','9','Male',NULL,'6272637196','2018-08-14 11:42:16','2018-08-14 11:46:45'),(256,'6','Progress','Mukozho','1b5656cdbd4dcbf1b020dc9ab6b9828445ccc234.JPG','1','70-2017673-M-70','','Chinhoyi High School\r\nChinhoyi',NULL,'0712563567','2019-03-02','2','Male',NULL,'2898123575','2018-08-14 11:42:23','2018-08-14 11:42:23'),(257,'6','Coulghlan','Mkukula','2db87b8c438530b43542e05061860c83c396d99e.JPG','1','70-312069-L-70','','Chinhoyi high School\r\nChinhoyi',NULL,'0712563567','2019-02-01','2','Male',NULL,'2772799883','2018-08-14 11:45:21','2018-08-14 11:45:21'),(258,'6','Solomon','Katoma','5c32ceb776dc7915c3ebcd282707b5c6be3b59e4.jpg','7','75-134148-B-70','','Ministry of Education\r\nMakonde District\r\nChinhoyi',NULL,'0775770762','1963-05-30','9','Male',NULL,'8767383202','2018-08-14 11:50:44','2018-08-14 11:50:44'),(259,'6','Wellington','Mazambani','51138b74f15a14109bf4e94f11da9c09f6ed9414.jpg','2','23-015907-P-23','','Kasanze Primary\r\nZvimba',NULL,'0712563567','1978-02-14','2','Male',NULL,'7636880345','2018-08-14 11:55:15','2018-08-14 14:01:26'),(260,'6','Tatenda','Ngandu','c04efe6a7242065b5e4821721f6bc15f7b58700c.jpg','1','25-2022160-E-25','','Katama College\r\nZvimba',NULL,'0777050253','2001-04-22','20','Male',NULL,'9729503033','2018-08-14 13:39:51','2018-08-14 13:39:51'),(261,'6','Daniel C','Matondo','1780e48cb4a3bdb1212782d92cc322d3d066f40b.jpg','1','63-2219069-P-75','','Kutama College\r\nZvimba',NULL,'0774460335','2001-07-22','6','Male',NULL,'3102892419','2018-08-14 13:44:01','2018-08-14 13:44:01'),(262,'6','Tadiwanashe','Zhou','6259e0e8e9d98e7f70bd9e9e709fa7a6695ad4a0.jpg','1','63-237503-L-03','','Kutama College\r\nZvimba',NULL,'0774460335','2002-03-29','6','Male',NULL,'2335932590','2018-08-14 13:46:18','2018-08-14 13:46:18'),(263,'6','Tinotenda','Ditima','cd43eecf56d7cbaaef1809853edc4cff4fe07e6d.JPG','1','32-211125-R-75','','Chinhoyi High School\r\nChinhoyi',NULL,'0773919030','2030-06-02','8','Male',NULL,'2023097566','2018-08-14 13:47:15','2018-08-14 13:47:15'),(264,'6','Vimbai','Chikwerewenge','280d94e80f81d0c2f1df9f1659bc00901fcc9f85.JPG','1','70-311575-Z-38','','Nyamupfukudza Secondary\r\nHurungwe',NULL,'0772203594','2001-04-15','8','Female',NULL,'4219905222','2018-08-14 14:10:59','2018-08-14 14:10:59'),(265,'6','Charity','Chikobvu','ea7831bc0a47b5294d3f73d70a12f038d01dec72.JPG','1','38-2009919-T-27','','Chiedza Secondary.\r\nKaroi',NULL,'0772203594','2001-09-05','8','Female',NULL,'3821160257','2018-08-14 14:13:45','2018-08-14 14:13:45'),(266,'6','Redson','Charingana','19bfd4824bc389170a0206383a0cd286c1c005df.JPG','1','38-2026881-J-38','','Nyarumwe Primary\r\nHurungwe',NULL,'0772938899','2003-04-06','8','Male',NULL,'9268027346','2018-08-14 14:16:10','2018-08-14 14:16:10'),(267,'6','Lisa','Dzingai','ba0398219b3fa62724ca05e8b707a0010b84593a.JPG','1','24-2027233-D-26','','Rimuka 3 High\r\nSanyati',NULL,'0772203594','2002-08-10','8','Female',NULL,'9108017242','2018-08-14 14:16:40','2018-08-14 14:16:40'),(268,'6','Soja M','Dungu','cda97e0834efe8125a5a796a3919b8475fb89e9f.JPG','1','24-2041391-S-26','','Dalny Primary\r\nSanyati',NULL,'0772938899','2021-12-06','8','Male',NULL,'3251117719','2018-08-14 14:18:49','2018-08-14 14:18:49'),(269,'6','Tanatswa','Takaendeswa','bddb4cf6c3264ba43a6a7b472c37614de425fff4.JPG','1','32-2032138-G-32','','Matanha Primary\r\nMhondoro Mubaira',NULL,'0772938899','2012-12-06','8','Male',NULL,'6966822218','2018-08-14 14:22:00','2018-08-14 14:22:00'),(270,'6','Emmanuel','Vhokiwa','1996346779bbdd8e4c63e1d63b2aecb1ea6485ae.JPG','1','86-2002430-M-42','','Msengezi High\r\nChegutu',NULL,'0774307646','2001-10-10','21','Male',NULL,'3930243389','2018-08-14 14:23:25','2018-08-14 14:23:25'),(271,'6','Tanaka J','Ruka','e66f888d7fbd7749b9047c048c38b77c34521e05.JPG','1','70-2024930-A-71','','Sinoia Primary\r\nChinhoyi',NULL,'0772938899','2004-02-06','8','Male',NULL,'6686575420','2018-08-14 14:24:57','2018-08-14 14:24:57'),(272,'6','Kudakwashe C','Mutizwa','3301b509efd9e9534035358e7b67d651d9171132.JPG','1','63-2212816-S-42','','Msengezi High\r\nChegutu',NULL,'0774307646','2001-05-22','21','Male',NULL,'5366101778','2018-08-14 14:25:21','2018-08-14 14:25:21'),(273,'6','Tafadzwa T','Nasho','0f620aff4d584d66460edadd139e6b3db8fffc0c.JPG','1','70-2018994-Y-70','','Chinhoyi High\r\nChinhoyi',NULL,'0774307646','2002-02-23','21','Male',NULL,'3305074857','2018-08-14 14:27:06','2018-08-14 14:27:06'),(274,'6','Martin M','Dhliwayo','1166638199d48cf0b5c9e776b15991ec9df90f23.JPG','1','70-2030738-N-13','','Murereka Primary\r\nChinhoyi',NULL,'0772938899','2021-06-06','8','Male',NULL,'3889812938','2018-08-14 14:27:34','2018-08-14 14:27:34'),(275,'6','Brendon V','Amisi','5577ea92ee0db8011090ab74e5bfb36857af32b1.JPG','1','70-2004780-Y-70','','Mhangura High\r\nMhangura',NULL,'0774307646','2001-01-24','21','Male',NULL,'8307179038','2018-08-14 14:29:34','2018-08-14 14:29:34'),(276,'6','Kudzaishe P','Magwisa','de01f49f6bc1aab9088c75d71af1c4e3dd7608b2.JPG','1','70-2023320-A-26','','Nemakonde High\r\nChinhoyi',NULL,'0774307646','2001-05-06','21','Male',NULL,'2742331693','2018-08-14 14:39:20','2018-08-14 14:39:20'),(277,'6','Jimmy','Mwanje','01749bab2859d22b15d30905aed1d1d330b9fdb8.JPG','1','70-206580-T-70','','Mhangura High\r\nMhangura',NULL,'0774307646','2001-08-15','21','Male',NULL,'6386351428','2018-08-14 14:41:55','2018-08-14 14:41:55'),(278,'6','Panashe','Tamanikwa','7dd4a13fafa9019c7f4be86082bf9a347c47357e.JPG','1','63-2530885-Y-38','','Nemakonde High\r\nChinhoyi',NULL,'0774307646','2001-10-16','21','Male',NULL,'2874080360','2018-08-14 14:44:30','2018-08-14 14:44:30'),(279,'6','Stephen N','Chipendo','4e76940376be8a206731cbcc7594bbd1992c2915.JPG','1','70-2004854-D-70','','Chinhoyi High\r\nChinhoyi',NULL,'0774307646','2001-01-27','21','Male',NULL,'3177004269','2018-08-14 14:48:58','2018-08-14 14:48:58'),(280,'6','Ngaakudzwe P','Mzitshwa','4a714a92711217c4ed96bcde88fac6f828cf12c4.JPG','1','63-3194644-X-58','','Nemakonde High\r\nChinhoyi',NULL,'0774307646','2001-03-29','21','Male',NULL,'1082867403','2018-08-14 14:51:40','2018-08-14 14:51:40'),(281,'6','Fidelis','Gwaze','d78f42e21f9b663559073e3457a7293632747e77.JPG','1','71-2019559-C-71','','Musengezi High\r\nChinhoyi',NULL,'0774307646','2002-06-26','21','Male',NULL,'7820579941','2018-08-14 14:53:39','2018-08-14 14:53:39'),(282,'6','Ethell T','Mateyo','84e9ee0d1e1d968b62695b7e9017dacd434e7b8b.JPG','1','70-2048296-Y-70','','Chinhoyi High\r\nChinhoyi',NULL,'0773593449','2025-03-01','8','Female',NULL,'3353989766','2018-08-14 15:03:46','2018-08-14 15:03:46'),(283,'6','Charon','Katuruza','9efe2d70ead05c70b87e7433a9b218b465899d37.JPG','1','70-2045413-P-38','','Nemakonde High\r\nChinhoyi',NULL,'0773593445','2028-03-01','8','Female',NULL,'7753938357','2018-08-14 15:07:27','2018-08-14 15:07:27'),(284,'6','Geila','Maende','247a9c564ed194b3d02734eeb9d093b9b94c8a94.JPG','1','38-2025546-H-38','','Kazangarare Secondary \r\nHurungwe',NULL,'0772585483','2002-12-01','2','Female',NULL,'9220955275','2018-08-14 15:09:09','2018-08-14 15:09:09'),(285,'6','Abigail','Chaturuka','7a141589d61e464167c7f6125ef9830e8b9a6439.JPG','1','15-2004416-Q-68','','Sodbury High\r\nZvimba',NULL,'0773593449','2026-11-02','8','Female',NULL,'1000382262','2018-08-14 15:10:26','2018-08-14 15:10:26'),(286,'6','Emmaculate','Mapurisa','88bf18a6a34ccefa86ce8caafc5d042f437b941c.JPG','1','86-2018740-Q-38','','Sodbury High\r\nZvimba',NULL,'0773593449','2013-04-02','8','Female',NULL,'6898337703','2018-08-14 15:14:40','2018-08-14 15:14:40'),(287,'6','Hazvinei','Washayanyika','7ec6577487b04b07f316a059c66229bf726d5035.JPG','1','30-261270-L-38','','Kazangarare Secondary\r\nHurungwe',NULL,'0772585483','2001-09-02','2','Female',NULL,'5374813465','2018-08-14 15:16:29','2018-08-14 15:16:29'),(288,'6','Praise L','Nkoma','49f8abe1486c112c0522d8cd518a30d174cad454.JPG','1','86-2017857-F-86','','Muriel Mine\r\nMutorashanga',NULL,'0773593449','2019-05-03','8','Female',NULL,'4432263176','2018-08-14 15:18:11','2018-08-14 15:18:11'),(289,'6','Natalie T','Murove','08f357c366c8ec1bb7e1959e4548f1f64c570ec9.JPG','1','63-3135593-L-18','','Sodbury high\r\nZvimba',NULL,'0772585483','2001-12-05','2','Female',NULL,'3873002490','2018-08-14 15:21:59','2018-08-14 15:21:59'),(290,'6','Maryline','Dandawa','b5ebcf39e2b15b4bba864bdd15957f99d139c769.JPG','1','86-2008756-N-38','','Kutama Day\r\nZvimba',NULL,'0773593449','2010-10-01','8','Female',NULL,'1310061072','2018-08-14 15:25:19','2018-08-14 15:25:19'),(291,'6','Norctavius R','Kunze','dbd92bb46c10890e3a0cc860abd0b9102bc2d018.JPG','1','63-2281683-Y-32','','Sodbury High\r\nZvimba',NULL,'0772585483','2002-09-20','2','Female',NULL,'2806825931','2018-08-14 15:25:56','2018-08-14 15:25:56'),(292,'6','Tendai','Museza','78919a7c6e7f522313a9d2c2a9863bc2dde95bb4.JPG','1','70-2043926-Y-70','','Sodbury High\r\nDarwendale',NULL,'0773593449','2018-03-04','8','Female',NULL,'1836316939','2018-08-14 15:28:11','2018-08-14 15:28:11'),(293,'6','Rosana','Msipa','42a104f049c7f41d61b4337649c18de6434a96c1.JPG','1','22-2044806-Z-12','','Sodbury High\r\nZvimba',NULL,'0772585483','2001-10-04','2','Female',NULL,'2196879626','2018-08-14 15:28:29','2018-08-14 15:28:29'),(294,'6','Tsitsi Tanatswa','Tapfuma','8fd480c590d8f88a3094f3078cdd98eb5089da65.JPG','1','63-2214456-A-05','','Sodbury High\r\nZvimba',NULL,'0772585483','2001-03-11','2','Female',NULL,'6677131374','2018-08-14 15:31:54','2018-08-14 15:31:54'),(295,'6','Ruth','Karuru','9ade9da8d82e7ae38ddde8c935644be311aa5a70.JPG','1','63-2929352-L-45','','Vimbai High\r\nNorton',NULL,'0772585483','2001-09-21','2','Female',NULL,'2574959200','2018-08-14 15:33:53','2018-08-14 15:33:53'),(296,'6','Beverly F','Nyandoro','674dafb7b88797a05a7c85026198e967dcbafdc4.JPG','1','63-2632304-H-12','','Sodbury High\r\nZvimba',NULL,'0772585483','2003-07-31','2','Female',NULL,'9667019653','2018-08-14 15:36:16','2018-08-14 15:36:16'),(297,'6','Emaculate','Zulu','fa128be3aaffee30d9874b45291500a43f7b5046.JPG','1','32-2303358-X-32','','Sodbury High\r\nZvimba',NULL,'0772585483','2004-03-14','2','Female',NULL,'1155904702','2018-08-14 15:38:25','2018-08-14 15:38:25'),(298,'6','Aayisha F','Willard','68ccfcd8f6aaf8f9b45deef151e82e9af983bd67.JPG','1','32-2033528-S-32','','Vimbai High\r\nNorton',NULL,'0772585483','2001-09-17','2','Female',NULL,'9173867387','2018-08-14 15:40:49','2018-08-14 15:40:49'),(299,'6','Caroline','Runesu','723a65fc38ae4b43c6d8ac6b339fdd59207a2327.JPG','1','03-2017389-J-07','','Vimbai High\r\nNorton',NULL,'0772585483','2002-04-17','2','Female',NULL,'3671496478','2018-08-14 15:43:29','2018-08-14 15:43:29'),(300,'6','Sarah I','Chioko','0adda2d81ec4c26cdd04a09f539628a751df5015.JPG','1','63-2253406-M-45','','Vimbai High\r\nNorton',NULL,'0772585483','2001-11-07','2','Female',NULL,'6981282813','2018-08-14 15:46:59','2018-08-14 15:46:59'),(301,'6','Praise','Matikiti','3847a00571ec65e04cf5c5f99c62ae31783334cf.JPG','1','10-015541-G-10','','Kaponda Secondary \r\nMhondoro',NULL,'0772585483','2002-04-28','2','Female',NULL,'2840459286','2018-08-14 15:49:34','2018-08-14 15:49:34'),(302,'6','Edith','Goredema','d0474b22c30af4fa214b5d599b0704941b2b3e7f.JPG','1','10-010188-N-22','','Kaponda Secondary\r\nMhondoro',NULL,'0772585483','2001-07-21','2','Female',NULL,'1171420027','2018-08-14 15:51:57','2018-08-14 15:51:57'),(303,'6','Pauline','Karereka','552fb399e6424f2a62676ad72bb4dc74c665b22b.JPG','1','70-203877-F-70','','Nemakonde High\r\nChinhoyi',NULL,'0772585483','2001-03-08','2','Female',NULL,'4776651976','2018-08-14 15:55:09','2018-08-14 15:55:09'),(304,'6','Artwell','Tapera','922adf75c47b9d45586a94e707ba80efa758b368.JPG','1','86-2010635-F-86','','Zvimba',NULL,'0773593449','2014-05-01','8','Male',NULL,'7739844282','2018-08-14 15:55:40','2018-08-14 15:55:40'),(305,'6','Landelani','Mhlanga','27d61639855dae12bdd150cc927b3beaf13bec0f.JPG','1','63-2211416-W-26','','Inkomo Barracks \r\nZvimba',NULL,'0772585483','2001-05-10','2','Female',NULL,'4147552014','2018-08-14 15:58:06','2018-08-14 15:58:06'),(306,'6','Munyaradzi','Matemera','447a2cfe97c0263870be7951fca7247e756c2e16.JPG','1','86-2010843-G-86','','Zvimba',NULL,'0773593449','2012-12-01','8','Male',NULL,'7181457045','2018-08-14 15:58:32','2018-08-14 15:58:32'),(307,'6','Samantha G','Chikomo','3ccb975b2512fe554995b3c7af64d6835a0ddcd7.JPG','1','63-2328986-P-50','','Inkomo Barracks\r\nZvimba',NULL,'0772585483','2002-07-03','2','Female',NULL,'6703413984','2018-08-14 16:01:08','2018-08-14 16:01:08'),(308,'6','Precious','Charumbira','a415bf94a3c2493fdd0156a6955a59b179d9e289.JPG','2','63-1095741-F-04','','Chiedza Karoi',NULL,'0772203594','1980-02-06','8','Female',NULL,'7510375584','2018-08-14 16:05:54','2018-08-14 16:05:54'),(309,'6','Joseph','Mushore','b25cce56121fcd022deebb8653bdd56d2a223a08.JPG','1','32-2039867-H-32','','Nyangwene primary\r\nMhondoro Mubaira',NULL,'0782199653','2006-05-22','8','Male',NULL,'1432878474','2018-08-14 16:09:51','2018-08-14 16:09:51'),(310,'6','Marvellous','Bvumburayi','7d26a1fc843720c5fcae690e91afbcd4ce61a4e4.JPG','1','26-2005390-R-23','','Cam n Motor\r\nKadoma',NULL,'0782199653','2007-05-31','8','Male',NULL,'6781173281','2018-08-14 16:13:12','2018-08-14 16:13:12'),(311,'6','Kudzanai','Magura','b3c1748895c3c02de38f90c629e8c465ea299a7e.JPG','1','83-2034615-A-83','','Cam n Motor\r\nKadoma',NULL,'0782199653','2006-02-06','8','Male',NULL,'6715399690','2018-08-14 16:16:33','2018-08-14 16:16:33'),(312,'6','Charlton','Sachikonye','b74bf47d7f3bca9f63f0889ef846c0acc8e9c349.JPG','1','32-2030348-L-75','','Chegutu Primary \r\nChegutu',NULL,'0782199653','2006-05-01','8','Male',NULL,'5952139872','2018-08-14 16:19:04','2018-08-14 16:19:04'),(313,'6','Joseline','Mushore','39757a730573a7784381f47cd43ebb8fb898feaf.JPG','1','32-2008673-B-32','','Nyangene Primary\r\nMhondoro Mubaira',NULL,'0779774438','2006-05-22','8','Female',NULL,'5986996839','2018-08-14 16:23:57','2018-08-14 16:23:57'),(314,'6','Rudo','Maverudze','bf11ab3b61490c6e3166fbc4fcdbd4e450503594.JPG','1','38-2032390-X-27','','Chiklangwe High \r\nKaroi',NULL,'0779774438','2006-01-22','8','Female',NULL,'7090029996','2018-08-14 16:26:28','2018-08-14 16:26:28'),(315,'6','Dellyn','Murombedzi','fa434902d8eb63f0dcddcb029b2939aa8d374f57.JPG','1','24-2060857-B-42','','Chiguvare Primary\r\nChegutu',NULL,'0779774438','2006-01-04','8','Female',NULL,'8351590479','2018-08-14 16:28:57','2018-08-14 16:28:57'),(316,'6','Wadzanai M','Maphosa','bcf68429509db78b0592476417542ec4db6b4d25.JPG','1','70-305882-L-26','','Chinhoyi 2 High\r\nChinhoyi',NULL,'0782206158','2000-09-14','21','Female',NULL,'8936137620','2018-08-14 16:38:56','2018-08-14 16:38:56'),(317,'6','Stella','Chisunga','16c282675e98867506a0196e1f26ae984d9c9370.JPG','1','70-2008819-N-71','','Nemakonde High\r\nChinhoyi',NULL,'0776611923','2001-11-04','21','Female',NULL,'2753218851','2018-08-14 16:41:19','2018-08-14 16:41:19'),(318,'6','Munashe L','Chitambira','93525f20602259cce64f0de6cb4c4535cf5f47aa.JPG','1','63-2261316-K-27','','Nemakonde High\r\nChinhoyi',NULL,'0782206158','2001-06-12','21','Female',NULL,'1776979691','2018-08-14 16:44:02','2018-08-14 16:44:02'),(319,'6','Tendai','Zulu','7b227b217286ecc2cd80a7492878ac664d55b294.JPG','1','70-322012-T-70','','Chinhoyi high \r\nChinhoyi',NULL,'0779775770','2002-08-05','21','Female',NULL,'2091866232','2018-08-15 06:50:35','2018-08-15 06:50:35'),(320,'6','Samantha V','Mutasa','81561eaa406ab1c9e587914b1d41704303fdeb5e.JPG','1','63-2284399-A-18','','Chinhoyi High\r\nChinhoyi',NULL,'0779775770','2002-04-18','21','Female',NULL,'6063724806','2018-08-15 06:52:41','2018-08-15 06:52:41'),(321,'6','Patronella','Chinhoyi','408e7af7ef1551be455beb20fa860e56f9505cc9.JPG','1','70-322011-S-71','','Chinhoyi no2 High\r\nChinhoyi',NULL,'0779775770','2002-04-01','21','Female',NULL,'6501939649','2018-08-15 06:55:42','2018-08-15 06:55:42'),(322,'6','Munashe','Zondo','88c1075b784ae43f15d084a3e9191b05bf249b4f.JPG','1','70-2044033-P-71','','Murereka High\r\nChinhoyi',NULL,'0779775770','2001-03-24','21','Female',NULL,'5793331463','2018-08-15 06:57:30','2018-08-15 06:57:30'),(323,'6','Ashley M','Mupeta','25490877a7a2b04c80241bf389d7caeeb0240e15.JPG','1','70-231005-Z-13','','Nemakonde High\r\nChinhoyi',NULL,'0779775770','2002-01-24','21','Female',NULL,'5334691296','2018-08-15 06:59:39','2018-08-15 06:59:39'),(324,'6','Emmanuel  T','Kadziya','739223e6846b4c71ee60d086a55980a31e449baf.JPG','1','70-2018523-L-70','','Chinhoyi High\r\nChinhoyi',NULL,'0775287729','2001-09-18','7','Male',NULL,'4125630757','2018-08-15 07:06:18','2018-08-15 07:06:18'),(325,'6','Christian A','Kamuti','5472899fe43d061041c95c35f755406bad0f2860.JPG','1','70-2005696-T-70','','Chinhoyi High\r\nChinhoyi',NULL,'0775287729','2001-06-19','7','Male',NULL,'6795306899','2018-08-15 07:08:46','2018-08-15 07:08:46'),(326,'6','Munashe E','Makanya','2f0f55ce32f26890d2958799c6ed419ea9824c78.JPG','1','70-2012461-X-38','','Chinhoyi High\r\nChinhoyi',NULL,'0775287729','2003-03-15','7','Male',NULL,'7585732090','2018-08-15 07:13:41','2018-08-15 07:13:41'),(327,'6','Takunda P','Mandeya','ab8ab90ef377b5a2debc101836ad9802dc5df0ca.JPG','1','86-2032841-S-38','','Chinhoyi High.\r\nChinhoyi',NULL,'0775287729','2002-10-24','7','Male',NULL,'7919433794','2018-08-15 07:15:25','2018-08-15 07:15:25'),(328,'19','Sandisile','Mtetwa','91cfb038e6aec3e502084fa02f5365ecc9ba3abb.jpg','1','08-892471-D-29','mtetwasandisile@gmail.com','National University of Science and Technology \r\nP.O. Box AC 939\r\nAscot\r\nBulawayo','0784268849','0784268849','1997-03-26','17','Female',NULL,'5107276376','2018-08-15 07:16:26','2018-08-15 07:16:26'),(329,'6','Tamuka S','Mugwagwa','b7b1dd8108a556f3fa889b646823620be52cb4e1.JPG','1','70-2015334-V-38','','Chinhoyi High\r\nChinhoyi',NULL,'0775287729','2003-05-31','7','Male',NULL,'9039053232','2018-08-15 07:17:29','2018-08-15 07:17:29'),(330,'6','Tinotendaishe','Gwaze','7d29b1a7a754046050c8afc43ce8a3d48960e398.JPG','1','70-2046168-K-70','','Musengezi high\r\nChegutu',NULL,'0775287729','2003-07-22','7','Male',NULL,'3839839406','2018-08-15 07:20:07','2018-08-15 07:20:07'),(331,'6','Takudzwa L A','Mushonga','4ac8009d70a82c3f6c3f4922453f77f95a7b75ff.JPG','1','63-2311695-V-24','','Musengezi High\r\nChegutu',NULL,'0775287729','2002-08-08','7','Male',NULL,'2879228571','2018-08-15 07:23:07','2018-08-15 07:23:07'),(332,'6','Takomborerwa L P','Nyapadi','b55019e73b77895b2915594a7fc354a16367b6f8.JPG','1','75-227127-K-34','','Kutama College\r\nZvimba',NULL,'0775287729','2001-04-11','7','Male',NULL,'1536793955','2018-08-15 07:25:08','2018-08-15 07:25:08'),(333,'6','Alwyn','Chiundura','8601ce3793ffccbccbb76cbd78dcb5b4cec5e7ee.JPG','1','70-310163-P-38','','Kutama College\r\nZvimba',NULL,'0775287729','2001-03-23','7','Male',NULL,'1643868679','2018-08-15 07:27:02','2018-08-15 07:27:02'),(334,'6','Makomborero H','Danda','e6868695a8abfb6eb09525e67a72e5e8e34c348b.JPG','1','32-2002900-B-07','','Kutama College\r\nZvimba',NULL,'0775287729','2003-01-12','7','Male',NULL,'9524074069','2018-08-15 07:28:51','2018-08-15 07:28:51'),(335,'6','Vernon','Karemera','da673cc8e838f6f7bf5caf251e3759167344a56b.JPG','1','71-2014734-H-71','','Chinhoyi High\r\nChinhoyi',NULL,'0775287729','2001-10-23','7','Male',NULL,'1627262588','2018-08-15 07:34:41','2018-08-15 07:34:41'),(336,'6','Diana','Kandazima','04464a086c21e16ea4cc9e61315a50abde21db13.JPG','1','70-2041413-R-71','','Manyame Primary\r\nChinhoyi',NULL,'0774955234','2007-08-26','9','Female',NULL,'9685355109','2018-08-15 07:43:03','2018-08-15 07:43:03'),(337,'6','Thandiwe','Manyame','dd055addbfc23a9daa0e8a2c36e82775432a2f54.JPG','1','24-2046582-K-42','','Munyaradzi Primary\r\nSanyati',NULL,'0774955234','2006-03-06','9','Female',NULL,'7761317601','2018-08-15 07:45:00','2018-08-15 07:45:00'),(338,'6','Munyaradzi','Mzizi','621d109e668964ebfef6f912f6324e661f9ea74c.JPG','1','38-2034645-Y-38','','Tambawadya Primary\r\nKaroi',NULL,'0774955234','2005-10-26','9','Female',NULL,'3821966967','2018-08-15 07:47:25','2018-08-15 07:47:25'),(339,'6','Yvonne','Shabani','4745e205ea0570b15a621325d7ae7faa648601c7.JPG','1','63-1643887-R-63','','Alpha Bricks\r\nZvimba',NULL,'0772773525','2001-05-28','19','Female',NULL,'3614053096','2018-08-15 07:57:32','2018-08-15 07:57:32'),(340,'6','Violet','Jeketera','528140fe630fc531f08722faab6ba33cf80dfa2e.JPG','1','37-2008238-E-37','','Vimbai High\r\nNorton',NULL,'0772773525','2001-08-14','19','Female',NULL,'4330305389','2018-08-15 07:59:16','2018-08-15 07:59:16'),(341,'6','Natalie','Mariva','47cda32c7ac688bfa4b4bfc4783109fdbca8622b.JPG','1','24-2048157-X-45','','Vimbai High\r\nNorton',NULL,'0772773525','2001-10-10','19','Female',NULL,'4984019898','2018-08-15 08:01:06','2018-08-15 08:01:06'),(342,'6','Tatenda','Matorera','5049c3beaa1702dc131aea55e039aa7f14179bd0.JPG','1','24-243541-Z-24','','St Charles\r\nSanyati',NULL,'0772773525','2002-02-02','19','Female',NULL,'6027195647','2018-08-15 08:03:45','2018-08-15 08:03:45'),(343,'6','Vimbai','Mbengo','7af7b8699fe28b65dfc769287f3c0a81e0f3bbde.JPG','1','70-2061310-T-04','','Mhangura High\r\nMhangura',NULL,'0772773525','2003-04-28','19','Female',NULL,'8141019155','2018-08-15 08:06:27','2018-08-15 08:06:27'),(344,'2','Spencer Tadiwanashe','Nyamadzawo','73e2de0dcb8dfbc2050686e78cbc92b599fdd06a.jpg','1','63-2526056-W-47','','seke 1 high school',NULL,'0772607871','2001-07-16','11','Male',NULL,'2100046808','2018-08-15 08:10:24','2018-08-15 08:10:24'),(345,'2','Keith Tapiwanashe','Nyamadzawo','1c7860d661ba3177d6477c1fb39ac663fb5cbfc7.jpg','1','63-2526057-X-47','','Seke 1 high',NULL,'0772607871','2001-07-16','14','Male',NULL,'8738557404','2018-08-15 08:11:48','2018-08-15 08:11:48'),(346,'6','Violet','Kananga','3db0ea227459a666e9d5e75726e3f06f4ba866a9.JPG','1','70-2051086-F-38','','Mhangura High\r\nMhangura',NULL,'0772773525','2002-08-06','19','Female',NULL,'6516734394','2018-08-15 08:21:33','2018-08-15 08:21:33'),(347,'6','Hazel','Homora','157e457702cd719d6e4bda4b9fb86a7c6a5e004c.JPG','1','37-2009087-C-37','','Nyamhunga Secondary\r\nKariba',NULL,'0772773525','2002-02-23','19','Female',NULL,'8086921198','2018-08-15 08:25:38','2018-08-15 08:25:38'),(348,'2','Tapiwa','Revesai','bd119102465d29bb32937605522282ad86abff31.jpg','1','63-2466531-V-83','','2117 turnward south',NULL,'0773238780','2003-10-01','2','Male',NULL,'3128606739','2018-08-15 08:27:42','2018-08-15 08:27:42'),(349,'6','Jin','Manjoro','1520eaffe82755518fb456d3e550bce8af474b3f.JPG','1','70-2072085-F-38','','Mhangura High\r\nMhangura',NULL,'0772773525','0002-06-21','19','Female',NULL,'8112463972','2018-08-15 08:28:25','2018-08-15 08:28:25'),(350,'6','Esnath','Mdala','ac4239292a1d9e644d974af53d8d180c58295353.JPG','1','70-2061289-W-70','','Mhangura High\r\nMhangura',NULL,'0772773525','2003-04-22','19','Female',NULL,'5602710802','2018-08-15 08:30:30','2018-08-15 08:30:30'),(351,'6','Nastashia','Ururi','dd67ff03c3c50027e2c979232b300010886c2d66.JPG','1','86-2031318-M-71','','Kuwadzana High\r\nBanket',NULL,'0772773525','2004-05-01','19','Female',NULL,'4018777336','2018-08-15 08:34:17','2018-08-15 08:34:17'),(352,'2','Claymond','Musabayana','c0f0d3346e99d5bc6f90441711d98f1096a3b1b3.jpg','1','63-2200342-J-75','','2227 Glen Norah A',NULL,'07736619953','2001-02-17','2','Male',NULL,'7277957752','2018-08-15 08:35:25','2018-08-15 08:35:25'),(353,'2','Dillenroy','Mairosi','7d7382b05565bb4ffb6ff9265974f4b0d70cfbd7.jpg','1','49-2010940-Z-49','','19364 Eastview Park',NULL,'0782108235','2001-03-31','2','Male',NULL,'4718928125','2018-08-15 08:36:51','2018-08-15 08:36:51'),(354,'6','Grace','Kambadzo','dfafd9a758b457a301ec96b6f8399f12d35a7c00.JPG','1','37-112287-R-38','','Nyamhunga High\r\nKariba',NULL,'0772773525','2001-12-08','19','Female',NULL,'5378854170','2018-08-15 08:37:31','2018-08-15 08:37:31'),(355,'2','Brian T','Mukucha','3a1382d7e17214336a5ac1d043d40f7564d6afd7.jpg','1','63-2390024-K-47','','622 191 close \r\nBudiriro 1',NULL,'0737566394','2002-04-20','2','Male',NULL,'1342063310','2018-08-15 08:38:58','2018-08-15 08:38:58'),(356,'6','Lenia','Gandiwa','c6360a30d0a9019c774d8e0a7138a7fb1c65b8eb.JPG','1','24-2027912-R-24','','Munyaradzi High\r\nKadoma',NULL,'0772773525','2001-02-18','19','Female',NULL,'4644042265','2018-08-15 08:40:30','2018-08-15 08:40:30'),(357,'2','Christopher T','Maganda','e26563ef4a76ab53bf7aa003d010d6abde1c6704.jpg','1','63-2246987-K-34','','4879 \r\nkuwadzana 6',NULL,'0718504853','2002-02-13','2','Male',NULL,'8682589359','2018-08-15 08:42:09','2018-08-15 08:42:09'),(358,'6','Wadzanai','Muketiwa','fc22f13deea4a9a86d117f4a8b6da53bc9a663c9.JPG','2','63-1130244-J-32','','Mhangura',NULL,'0772773525','1980-04-17','19','Female',NULL,'1203358855','2018-08-15 08:43:43','2018-08-15 08:43:43'),(359,'2','Panashe R','Chijola','81adda65416890491b5dc7a95b7e2b41cc758faf.jpg','1','63-2280688-R-13','','1680 COLbrough North \r\nPhase 3',NULL,'0734853294','2002-06-22','2','Male',NULL,'8000851898','2018-08-15 08:43:55','2018-08-15 08:43:55'),(360,'2','Elvis N','Chenjerayi','a05334eb824e7bdd50844a0f09d1a2a8f18cf554.jpg','1','18-2011108-K-07','','834 Kuwadzana 1',NULL,'0774760006','2001-08-20','2','Male',NULL,'5341794025','2018-08-15 08:47:15','2018-08-15 08:47:15'),(361,'6','Nkosana','Msindo','78bf1f38ceb41b198d42a566eedb769671555d6a.JPG','2','32-092659-Z-70','','Chinhoyi',NULL,'0772707177','1971-01-01','19','Male',NULL,'9585918111','2018-08-15 08:47:39','2018-08-15 08:47:39'),(362,'6','Munyaradzi P','Simbaneuta','35aef9422f970f3b7248b68f30551d37c79ce558.JPG','2','70-223082-L-86','','Chinhoyi',NULL,'0774307646','1985-03-20','21','Male',NULL,'5388866652','2018-08-15 08:50:34','2018-08-15 08:50:34'),(363,'2','Rivaldo M','Milanzi','6bd1e377e5df4ae83e80c6371f6c413478ee7bc2.jpg','1','70-2058410-R-70','','13 Beechy Rd \r\nSoutherton',NULL,'0778182745','2001-12-04','2','Male',NULL,'1495159906','2018-08-15 08:52:28','2018-08-15 08:52:28'),(364,'6','Simbarashe','Mangoyi','4b669ab3065448cf531dacd576e45021dbbe9df6.JPG','2','34-081618-H-24','','Chinhoyi',NULL,'0774307646','1984-03-23','21','Male',NULL,'7481911887','2018-08-15 08:53:32','2018-08-15 08:53:32'),(365,'2','Malvin','Mondiwa','003c3de9d942820b6d74d59451a2c08e058a7e6a.jpg','1','63-2509462-J-86','','1952 unit L\r\nChitungwiza',NULL,'0718584207','2002-02-12','2','Male',NULL,'1421526895','2018-08-15 08:56:30','2018-08-15 08:56:30'),(366,'6','Dennis','Demo','d1b5c2aee269fb496b9dbedb3d00ff60430679a6.JPG','2','63-1203283-Z-38','','Chinhoyi High\r\nHigh',NULL,'0775099621','1984-11-02','20','Male',NULL,'8447522451','2018-08-15 08:56:41','2018-08-15 08:56:41'),(367,'2','Vernon T','Chiyangwa','ae050d744ec0b5beeb1167596e6311d55b0df6a7.jpg','1','63-2265541-C-59','','49 makioni \r\nMbare',NULL,'0772985660','2002-04-21','2','Male',NULL,'2957687230','2018-08-15 08:58:01','2018-08-15 08:58:01'),(368,'6','Stephen','Chamangwa','221fa6e8115fde24f93b507d79b059081826073e.JPG','2','38-049205-F-38','','Charles Clark\r\nHurungwe',NULL,'0777050253','1976-02-28','20','Male',NULL,'2920694399','2018-08-15 09:00:09','2018-08-15 09:00:09'),(369,'2','Great','Zivengwa','0e1bd79f207fdf4c840f2b63fbeae5ef13c6ffb0.jpg','1','59-206415-Y-12','','3183 Unit D \r\nChitungwiza',NULL,'0734229090','2001-08-16','2','Male',NULL,'3781291772','2018-08-15 09:01:09','2018-08-15 09:01:09'),(370,'2','Tashinga P','Pindura','e94b51f53005d6eb5c3cc84d00655c9fdf4f2fe5.jpg','1','63-2770980-S-80','','3451 Kuwadzana 3',NULL,'0778991805','2001-10-26','2','Male',NULL,'3571290888','2018-08-15 09:02:35','2018-08-15 09:02:35'),(371,'6','Percance','Musakura','85ffc5d51e6979607f06795bbe060e1183d80dae.JPG','2','86-027189-N-32','','Murereka High\r\nChinhoyi',NULL,'078206758','1982-09-12','21','Male',NULL,'1405324574','2018-08-15 09:04:30','2018-08-15 09:04:30'),(372,'2','Nicky T','Kaviya','2812274d1ede210fa9561ae45f16e0036cf17704.jpg','1','63-2572085-C-68','','2838 Unit D \r\nChitungwiza',NULL,'0771588291','2000-12-26','2','Male',NULL,'3094422865','2018-08-15 09:04:55','2018-08-15 09:04:55'),(373,'6','Melody','Zvarevashe','761b8e44f469511803c8b2eaccd5ba88bacceb30.JPG','2','24-154073-B-04','','Sanyati Baptist\r\nSanyati',NULL,'0779775770','1986-07-08','21','Female',NULL,'4058092858','2018-08-15 09:07:09','2018-08-15 09:07:09'),(374,'2','Tendai L','Rampi','2119fbc83c4b2fa4821815f23752a0699d9a41a5.jpg','1','63-2248141-P-63','','Block E3 \r\nMatererin Flats\r\nMbare',NULL,'0772212910','2001-11-16','2','Male',NULL,'3878080563','2018-08-15 09:07:26','2018-08-15 09:07:26'),(375,'2','Tinashe O','Nyamutaka','caaa46e8b72c5746db6b9867741a4f26b47db254.jpg','1','63-2506421-D-85','','Block 21B6\r\nMatakarika Flats \r\nMbare',NULL,'0733336482','2001-04-19','2','Male',NULL,'6384504399','2018-08-15 09:11:38','2018-08-15 09:11:38'),(376,'2','Albano','Tom','52da6343beae6790e96b759f6c306e109b502fa5.jpg','1','37-2008890-N-37','','7731 Zvobgo Street\r\nZimre Park',NULL,'0772837752','2001-12-10','2','Male',NULL,'2393546871','2018-08-15 09:12:01','2018-08-15 09:12:01'),(377,'6','Angela T','Jaisoni','597c8d9d1b16c666e7fc4b88d48cfe889a738531.JPG','1','86-2026351-N-86','','Kuwadzana High\r\nBanket',NULL,'0777539198','2001-02-14','20','Female',NULL,'1206971354','2018-08-15 09:14:17','2018-08-15 09:14:17'),(378,'2','Blessmore','Mureremba','74b54dca58bb055a5e6e4508059c78ca2e58f24e.jpg','1','63-2618460-K-75','','3C Harare Rd\r\nMajubheki\r\nMbare',NULL,'0778461794','2001-01-19','2','Male',NULL,'3004714602','2018-08-15 09:15:45','2018-08-15 09:15:45'),(379,'6','Dadirai B','Siyanyuka','dcc2c0580aa4712df1cd688e2f55de4eae5aecd7.JPG','1','24-2033144-D-77','','St Charles \r\nSanyati',NULL,'0777539198','2002-05-28','20','Female',NULL,'2109429156','2018-08-15 09:16:51','2018-08-15 09:16:51'),(380,'2','Emmanuel','Mangava','a1903e7665f66bb0a854d31cb168a42ef40c1e5b.jpg','2','70-077988-A-70','','9 Collen Cres\r\nMalbrough',NULL,'0772929961','1968-10-25','2','Male',NULL,'9271743798','2018-08-15 09:17:52','2018-08-15 09:17:52'),(381,'2','Obert','Kadodo','db02616b33b9479b496dccde3b599a8c79ebb61d.jpg','2','63-2153112-X-12','','3106 250th \r\nKuwadzana 3',NULL,'0772994614','1985-07-26','2','Male',NULL,'6138047557','2018-08-15 09:20:04','2018-08-15 09:20:04'),(382,'8','Keabetswi','Dube','f471096a5c2c6763597071390948ae0690499b81.jpg','3','02-054590-Z03','keabetswdube@gmail.com','799 Jacaranda Gwanda','0773099780','0713757740','1980-02-02','9','Female',NULL,'9975966191','2018-08-15 09:21:42','2018-08-15 09:21:42'),(383,'2','Shadreck','Machihani','5ee795b75aa51f1d6c9bf835e8f47fcdb6d57dd3.jpg','2','14-167081-A-14','','56 Phase 12 \r\nEastview',NULL,'0773369835','1986-01-10','2','Male',NULL,'4145974977','2018-08-15 09:22:00','2018-08-15 09:22:00'),(384,'2','Henry','Makadzange','15b228c84577cedcad8e4af6c099608377e85cd8.jpg','2','75-371275-Y-75','','11676 \r\nKuwadzana Ext',NULL,'0776936215','1984-03-14','2','Male',NULL,'3933323682','2018-08-15 09:23:53','2018-08-15 09:23:53'),(385,'6','Fortunate','Changa','049360191a37b642d5b5186693d83237e2e215fb.JPG','1','70-2020214-Z-32','','Kuwadzana High\r\nBanket',NULL,'0777539198','2001-02-10','20','Female',NULL,'6221608844','2018-08-15 09:24:27','2018-08-15 09:24:27'),(386,'6','Sithembile','Manobo','22681c8cf2a50c07cbc196922dd94aa7693d26f9.JPG','1','24-233144-D-77','','St Charles\r\nSanyati',NULL,'0777539198','2002-01-13','20','Female',NULL,'4332314840','2018-08-15 09:27:02','2018-08-15 09:27:02'),(387,'6','Yvonne','Murenga','3e69c07ee6d358bcf0084759638ad944a34ace6a.JPG','1','70-311807-B-42','','Kenzamba Secondary\r\nMakonde',NULL,'0777539198','2001-07-13','20','Female',NULL,'4824279186','2018-08-15 09:30:07','2018-08-15 09:30:07'),(388,'6','Pelagia','Mavengano','f9aff1ae861fb9744316342a687ea7d175822fb2.JPG','1','70-260698-D-70','','Kenzamba High \r\nMakonde',NULL,'0777539198',NULL,'20','Female',NULL,'7476527186','2018-08-15 09:33:14','2018-08-15 09:33:14'),(389,'6','Revai','Mutenha','1bbc2b5abbc9e5fbb29e18c0478edfc9afe75213.JPG','1','70-255772-Z-71','','Keanzamba High\r\nMakonde',NULL,'0777539198','2001-02-23','20','Female',NULL,'2575858810','2018-08-15 09:36:20','2018-08-15 09:36:20'),(390,'6','Mitchell','Matibiri','1155022c10ce47df367df8584afaaf35f937ac82.JPG','1','86-110173-N-86','','Chikaka Secondary\r\nZvimba',NULL,'0777539198','2001-10-27','20','Female',NULL,'4523159066','2018-08-15 09:38:56','2018-08-15 09:38:56'),(391,'6','Martha','Mukusa','d716f8e1056f4b5b4202737c64c4d243b7bfa877.JPG','1','38-276911-M-38','','Charles Clark\r\nMagunje',NULL,'0777539198','2001-11-06','20','Female',NULL,'4590451742','2018-08-15 09:40:36','2018-08-15 09:40:36'),(392,'6','Tilda','Nyachowe','23d6db4e4c1e9a67b204a7f3f679ad45bc7a43af.JPG','1','38-3750771-T-38','','Charles Clark\r\nMagunje',NULL,'0777539198','2001-09-08','20','Female',NULL,'6580357575','2018-08-15 09:42:24','2018-08-15 09:42:24'),(393,'6','Charity','Magwenya','903fb8b7d0dd49bedea615060b7a738a3d1aac6c.JPG','1','70-321040-M-71','','Ritchmond High\r\nChinhoyi',NULL,'0777539198','2002-02-13','20','Female',NULL,'1009069884','2018-08-15 09:44:46','2018-08-15 09:44:46'),(394,'8','Lifa','Mpofu','ef04075d09dd34bab7416f4d63ad1a4cacd9bed0.jpg','3','29-125321-G-27','leempofu94@gmail.com','14 Mt Carzalet  Gwanda','0772677913','0712063594','1965-05-07','9','Male',NULL,'3907955143','2018-08-15 09:48:27','2018-08-15 09:48:27'),(395,'6','Daniel','Chimedza','2e9537a8f52aad07e7b36f5609a7145ea681f21b.JPG','2','13-085341-W-24','','Chinhoyi',NULL,'0776611923','1972-06-11','2','Male',NULL,'7067603053','2018-08-15 09:53:47','2018-08-15 09:57:35'),(396,'2','Rosemary M','Matute','5f3f9678662fc2c207c4b60f05a0fdc88ffa7d8e.jpg','2','63-594121-T-13','','2983 Chardcombe','077883482','0772385882','1971-12-22','10','Female',NULL,'8480730617','2018-08-15 09:54:36','2018-08-15 09:54:36'),(397,'6','Amson T','Darare','8d4b6c2ce2847f1e2155d27a1a3313985d4f94b2.JPG','2','75-140187-Q-75','','Chinhoyi',NULL,'0773658360','1966-10-05','2','Male',NULL,'3683201444','2018-08-15 09:56:46','2018-08-15 09:56:46'),(398,'6','Gift','Jonasi','7405adc5ce6a99767f1c8eeaaa24a3e215b2c2eb.JPG','2','68-067067-R-68','','Kenzamba High\r\nMakonde',NULL,'0716472215','1984-12-12','20','Male',NULL,'6862589361','2018-08-15 10:01:22','2018-08-15 10:01:22'),(399,'6','Juliet','Magoronga','47183615b731a32b2e012d5861ad4e6a575ce09b.JPG','2','22-165138-Q-22','','Raffingora Primary\r\nZvimba',NULL,'0777539198','1976-03-28','20','Female',NULL,'2261301355','2018-08-15 10:03:41','2018-08-15 10:03:41'),(400,'6','Sherpard','Zefaniya','c0e71aed13db9afcb7fae86fb083fa44396db505.JPG','2','38-088874-Z-38','','Chinhoyi',NULL,'0773654032','1977-03-19','1','Male',NULL,'1730044459','2018-08-15 10:12:36','2018-08-15 10:12:36'),(401,'6','Nyashadzashe','Amos','921b8eaa9e1d0874b5f9c0ba2d7a95c6329d2c54.JPG','2','24-082519-A-26','','Chinhoyi',NULL,'0773556294','1972-03-05','2','Female',NULL,'6205001407','2018-08-15 10:15:57','2018-08-15 10:15:57'),(402,'2','Alice','Muzanenhamo','e3648c31cc32ff46591e6f13b69ecfec8db7192c.jpg','2','59-102676-N-47','','2122 Unit A\r\nChitungwiza',NULL,'0715562451','1987-11-22','20','Female',NULL,'1042061434','2018-08-15 10:25:56','2018-08-15 10:25:56'),(403,'2','Nyasha B','Tsingano','935e9f869a33eb8918e5cbee1cbb7d4ab44977d6.jpg','1','63-3340296-P-75','','21 Mupfuta \r\nZengeza 2',NULL,'0775138388','2002-12-04','20','Female',NULL,'8599289858','2018-08-15 10:31:22','2018-08-15 10:31:22'),(404,'2','Tinotenda','Muchena','0e181ae0af155c75790dd1e936e3e70c30291aee.jpg','1','712006933-D-71','','9 Milna Rd \r\nBreaside',NULL,'0785149382','2001-03-17','20','Female',NULL,'5840169106','2018-08-15 10:37:08','2018-08-15 10:37:08'),(405,'2','Levi','Zitsanza','757f29b9bb227fb43f6e6aa2a808651c42436d85.jpg','2','08-799696-L-08','levi.zitsanza4@gmail.com','686 simon mazorodze \r\nwaterfalls',NULL,'0772934787','1986-03-06','20','Male',NULL,'1851229390','2018-08-15 11:00:14','2018-08-16 13:41:54'),(406,'2','Faith','Mandeya','103eaf18eefbc23f9f58f8532955abf942d90022.jpg','1','63-2233468-Q-42','','vainona high',NULL,'0772607871','2001-03-15','20','Female',NULL,'8490465704','2018-08-15 11:09:48','2018-08-15 11:09:48'),(407,'2','Sarah','Dziike','b50ddf5e938d4f4108f5bcc6efb2c80c7c1c1b1b.jpg','2','63-892915-V-75','dziikesarah402@gmail.com','18299 phase 4\r\nDamafalls',NULL,'0773299379','1975-12-13','11','Female',NULL,'2331728442','2018-08-15 11:18:16','2018-08-15 11:18:16'),(408,'2','Tinotenda A','Machakaire','e410375585abf9e89c974395af6ca9b1234aa1ed.jpg','2','59-143600-W-47','','888 unit F\r\nChitungwiza',NULL,'0774728205','1993-05-26','20','Male',NULL,'9175491684','2018-08-15 11:45:57','2018-08-15 11:45:57'),(409,'2','Gladys','Mandeya','07678e5be53e8a200cc34560d54d5b68cd4776c5.jpg','2','63-584194-D-32','gtmmakhu@gmail.com','2487 Glen Norah A',NULL,'0772405695','1968-06-06','19','Female',NULL,'2053229429','2018-08-15 11:47:29','2018-08-15 11:47:29'),(410,'2','Rebecca T','Putire','e0a3e780dde34a94e9aedd863d7b5c74caa8dde8.jpg','1','63-2342012-Y-75','','18 Mukarati \r\nMufakose',NULL,'0772583572','2002-04-13','19','Female',NULL,'2630139113','2018-08-15 12:16:51','2018-08-15 12:16:51'),(411,'2','Prevaland I','Pazuwa','b3789de83ffc955ead538519a8d55ad6fab3dd48.jpg','1','59-177583-T-75','','25 Dovi \r\nZengeza 1',NULL,'0777869072','2001-06-08','19','Female',NULL,'7709755007','2018-08-15 12:21:47','2018-08-15 12:21:47'),(412,'2','Miminance C','Tika','c985740c06443ca29c40c3b2aa2258d464e55b28.jpg','1','05-113161-H-05','','Block 29 \r\nMatagarika \r\nmbare',NULL,'0784119503','1997-08-28','20','Female',NULL,'5703362834','2018-08-15 12:33:30','2018-08-15 12:33:30'),(413,'2','Thembani','Nkala','016d378735742e7ea2dbce784191ff939633edf0.jpg','2','63-1016196-T-28','','20524 \r\nBudiriro West',NULL,'0778148871','1977-10-10','20','Male',NULL,'4073335775','2018-08-15 12:33:37','2018-08-15 12:33:37'),(414,'6','Tadiwanashe G','Shumba','5f8fb416c3f5a7e93d7b4ec8b3e97709f00e095a.jpg','1','38-2025345-P-12','','Kutama College\r\nZvimba',NULL,'0773918221','2003-03-05','8','Male',NULL,'8516979967','2018-08-15 12:34:24','2018-08-15 12:34:24'),(415,'2','Tadiwa N','Chindudzi','bb700a38bc209c19110cf38626ce2b22915317f1.jpg','1','75-2028157-J-75','','Block 4 number 45 \r\nSupport Unit \r\nGreendale',NULL,'0773207643','2003-03-18','19','Female',NULL,'9969843188','2018-08-15 12:38:04','2018-08-15 12:38:04'),(416,'6','Denford K','Tafira','5006c6e23971108836dae28b26fb8332c9ed94b9.jpg','1','63-2214772-T-86','','Kutama College\r\nKutama',NULL,'0772586714','2001-01-12','8','Male',NULL,'4466309137','2018-08-15 12:42:51','2018-08-15 12:42:51'),(417,'2','Ruvimbo W','Chisango','c655a5b0e8051266c17522e182184b30e856ead9.jpg','1','63-2291134-W-32','','10454 \r\nKuwadzana Phase 3','0772890730','0772890705','2002-11-22','19','Female',NULL,'4317325117','2018-08-15 12:43:19','2018-08-15 12:43:19'),(418,'2','Rufaro','Mungoni','649ad85049df2bc8e867a2b439140850edcdb214.jpg','1','63-2294885-Y-18','','1263 \r\nGlen Norah',NULL,'0774043986','2001-09-26','19','Female',NULL,'7385876449','2018-08-15 12:43:30','2018-08-15 12:43:30'),(419,'6','Tatenda L','Karumazondo','35d01e245de027791b87eb5131c10d95d5b82263.jpg','1','18-2001935-P-47','','Kutama College\r\nKutama',NULL,'0774955234','2001-08-04','8','Male',NULL,'3750105857','2018-08-15 12:45:23','2018-08-15 12:45:23'),(420,'2','Leash','Berekwa','439033a50201692aca9a1c99628ab3c3d489f684.jpg','1','63-2418237-B-27','','6523 \r\nWestern Triangle',NULL,'0713776429','2001-04-29','19','Female',NULL,'2394425769','2018-08-15 12:46:25','2018-08-15 12:46:25'),(421,'2','Queen R','Mubaira','eb2fba32c61893c40eb442a6ac45803a13419af6.jpg','1','63-2366494-J-32','','5400 \r\nNew Cannan',NULL,'0778245098','2002-10-22','19','Female',NULL,'7588667064','2018-08-15 12:48:21','2018-08-15 12:48:21'),(422,'2','Penlope','Samusodza','799f32fe552f25013b127d6048f9086450f4db75.jpg','1','63-1640770-D-50','','3445 \r\nKuwadzana 3',NULL,'0774031214','2001-08-03','19','Female',NULL,'8278861619','2018-08-15 12:51:04','2018-08-15 12:51:04'),(423,'2','Omega','Bero','3f1a9f225363d8ef812d6de9cea1c3e201d0dccd.jpg','1','63-2440638-A-63','','893 \r\nSt Marys',NULL,'0783028443','2001-10-03','19','Female',NULL,'1139822197','2018-08-15 12:56:58','2018-08-15 12:56:58'),(424,'2','Panashe P','Taruwedzera','e075639ad4c4c9f1fbc3c574a61c352da80513cc.jpg','1','59-205258-Q-27','','7 hakata \r\nZengeza 3',NULL,'0773458970','2001-10-14','19','Female',NULL,'2746240860','2018-08-15 12:59:58','2018-08-15 12:59:58'),(425,'6','Edmore','Chatunga','cda4094112a2233acd911929cef70931d9dc321b.JPG','2','70-076094-R-70','','Chegutu',NULL,'0779774438','1970-05-31','8','Male',NULL,'5607605914','2018-08-15 13:00:15','2018-08-15 13:00:15'),(426,'2','Anesu','Mukwezva','0e30629f020269f6e2cb9e10a5ae46dce3052d24.jpg','1','63-2237009-P-75','','6181 \r\nKuwadzana 5',NULL,'0779374414','2001-11-16','19','Female',NULL,'3527223342','2018-08-15 13:03:00','2018-08-15 13:03:00'),(427,'8','Abinel','Mseva','20c591ccd77882c5e2e62fc4bb450b838cecdab8.jpg','2','03-040678-J-03','abinelmseva@gmail.com','3B Flatlets 5 avenue Gwanda','0712955719','0779381134','1971-08-27','9','Male',NULL,'6739360350','2018-08-15 13:07:35','2018-08-15 13:07:35'),(428,'6','Agnes','Muungani','73d958072ff2cc5f027e040ae8b83569e3b84d7d.JPG','2','27-125726-J-27','','St Marys Gavhunga\r\nMhondoro',NULL,'0713657759','1973-05-19','8','Female',NULL,'8957952541','2018-08-15 13:09:10','2018-08-15 13:09:10'),(429,'6','Cephas','Tafireyi','8ed6f759700d2ac480646acd82e0abcc120a76a1.JPG','2','24-087325-Z-24','','Mupamombe Primary\r\nSanyati',NULL,'0782199653','1972-07-17','8','Male',NULL,'4754118099','2018-08-15 13:12:42','2018-08-15 13:12:42'),(430,'6','Isaac','Makumbirofa','b3e1da94d6946ae9b5d5a85111f6b2fb1ce0b8df.JPG','2','70-115349-K-70','','Kawondera Primary\r\nZvimba',NULL,'0772938899','1974-12-11','8','Male',NULL,'7307680742','2018-08-15 13:15:56','2018-08-15 13:15:56'),(431,'2','Moleen P','Mafusire','d280470d3a70350bb1eb84be72cd5f12250bdb96.jpg','2','63-990061-N-15','mmafusire@gmail.com','13 Zambe Street \r\nPo Mbare',NULL,'0773604826','1977-04-20','19','Female',NULL,'9689467440','2018-08-15 13:23:00','2018-08-15 13:23:00'),(432,'2','John','Katyamakwara','4e2078345fe6f9c2a723cd93d83c63bd342c433b.jpg','2','49-038181-V-49','katyamakwaraj@gmail.com','153 24Cresent \r\nGlenview 1',NULL,'0776090337','1974-04-28','19','Male',NULL,'4062163045','2018-08-15 13:23:18','2018-08-15 13:23:18'),(433,'19','Lisa','Moyo','623d3d5d173eab50c79f8eb33236637d1dcab063.jpg','1','08-2047046-W-67','','Lupane State University\r\nP.O Box 170 Lupane',NULL,'0782117914','1998-03-25','8','Female',NULL,'6950460380','2018-08-15 13:37:11','2018-08-15 13:37:11'),(434,'2','Ian','Gono','18696384c5ef711eaac4198dc2fb19988c5b8169.jpg','1','63-2259161-S-68','ianmgono@gmail.com','1186 Waterfalls',NULL,'0783396392','1996-09-09','20','Male',NULL,'4095517370','2018-08-15 13:50:45','2018-08-15 13:50:45'),(435,'2','Jane','Moyo','b2157f77c8a023ab293474de54bd67ab89517092.jpg','2','08-741153-C-26','jsmoyo@gmail.com','10914 \r\nGlenview 7',NULL,'0774501679','1975-10-05','4','Female',NULL,'1808945808','2018-08-15 13:55:02','2018-08-15 13:55:02'),(436,'2','Talent H','Chirairo','b7cbb5d1dba20e2e54e53c997a24b391d4e1834e.jpg','1','63-2674229-D-61','','47 Messengers Camp\r\nOLD Highfield',NULL,'0777708895','1996-02-02','20','Female',NULL,'8289479013','2018-08-15 13:57:48','2018-08-15 13:57:48'),(437,'2','Praise','Mhashu','8461b1bf75495eed5729175764b73b6f798174a0.jpg','1','63-2654267-F-63','kamachoclain8@gmail.com','16163 Unit M Chitungwiza',NULL,'0716291566','1998-10-12','20','Male',NULL,'3752098136','2018-08-15 14:01:02','2018-08-15 14:01:02'),(438,'2','Tendai','Madhevere','fa268c3cf0f60f3ea9ce54e099f73c71a0e3f48c.jpg','1','63-2081960-H-45','ctmadhevere@gmail.com','18335 Unit L Chitungwiza',NULL,'0785076824','1998-08-30','20','Male',NULL,'2553311564','2018-08-15 14:04:46','2018-08-15 14:04:46'),(439,'2','Tecla','Mandova','46d1eae0c7b3c729a0b8879e042519f4c2ea5659.jpg','1','63-1616544-W-61','','2369\r\nDZ Ext',NULL,'0774308764','1999-04-29','20','Female',NULL,'9012416270','2018-08-15 14:04:52','2018-08-15 14:04:52'),(440,'2','Tanyaradzwa','Kahari','c0718c8682162eae4ea145c19c076531860f151b.jpg','1','59-182810-Q-86','','Murape Secondary School\r\nP.BAG 31 \r\nSeke',NULL,'0782584994','1997-12-16','20','Female',NULL,'6205787785','2018-08-15 14:06:41','2018-08-15 14:06:41'),(441,'2','James','Dube','3f863c1266602c80fb98c48b35e933f2bb4f28fa.jpg','1','63-2082556-F-03','persiesaaz@gmail.com','1088 Greendale Harare',NULL,'0782940033','1997-02-06','20','Male',NULL,'5001751762','2018-08-15 14:07:52','2018-08-15 14:07:52'),(442,'2','Pride P','Siziva','088d963fd98fc3ba92255cb091617b276b2104da.jpg','1','59-199123-V-04','','34115 Unit K \r\nChitungwiza',NULL,'0772338856','2000-10-13','20','Female',NULL,'9427346982','2018-08-15 14:08:18','2018-08-15 14:08:18'),(443,'6','Sherman','Mukwena','fd406f09ae5443417c2996f1d0fda93ce765f2bb.JPG','3','27-155028-J-04','','SRC\r\n115 North Drive\r\nChinhoyi',NULL,'0772939389','1979-05-23','9','Male',NULL,'2520399265','2018-08-15 14:09:48','2018-08-15 14:09:48'),(444,'2','Moleen T','Makunike','dbd621a045b672a6a0d9a293618852b204be8aa9.jpg','1','75-490782-X-50','','14 East \r\nAvondale',NULL,'0775567496','1997-03-12','20','Female',NULL,'2813592465','2018-08-15 14:11:08','2018-08-15 14:11:08'),(445,'2','Godfery','Maulana','f00d9c3ce70693ee6b6388dade101e6f3d5f4ef5.jpg','1','63-2898872-F-63','godfreymau17@gmail.com','125 Shortstone Waterfall Harare',NULL,'0771685052','1999-03-08','20','Male',NULL,'2261500621','2018-08-15 14:12:06','2018-08-15 14:12:06'),(446,'2','Natalia Z','Gombamwa','2f1f424ff8acfaf3beb3537e36ad7e86087a6290.jpg','1','63-2795079-M-05','','41 Chakanyuka \r\nZengeza 1 \r\nChitungwiza',NULL,'0782827051','1999-05-19','20','Female',NULL,'2767440285','2018-08-15 14:13:19','2018-08-15 14:13:19'),(447,'6','Bernard','Tavaguta','25f0c1c435d846ea087e34e6ae32e2e3d9f1c1bc.JPG','7','29-047301-C-26','','Nemakonde High\r\nChinhoyi',NULL,'0772911748','1960-02-15','9','Male',NULL,'1023933085','2018-08-15 14:13:29','2018-08-15 14:13:29'),(448,'2','Kudzai','Masiko','ea3cf4acf1a95f334c3b1e59a8b0fd44212b4a25.jpg','1','15-203801-V-45','pesiesaaz@gmail.com','03 Tsukukuviri Glendale',NULL,'0783022866','1999-07-29','20','Male',NULL,'5795968787','2018-08-15 14:16:35','2018-08-15 14:16:35'),(449,'6','Heavens','Bumhira','b8cf0bc27d2b489432853fa3dea5c708d58f00c3.JPG','7','80-025711-S-07','','Hurungwe',NULL,'0773709138','1969-06-08','9','Male',NULL,'4841348079','2018-08-15 14:16:48','2018-08-15 14:16:48'),(450,'2','Shemaih','Bota','9edafd6537a0897f185d17d71de076bfd1861d75.jpg','1','15-2003072-E-25','drmagnito@gmail.com','8877 Hwenoshava, Zengeza 3 Chitungwiza',NULL,'0776924431','1997-07-24','20','Male',NULL,'9857044680','2018-08-15 14:21:16','2018-08-15 14:21:16'),(451,'2','Fedelis','Vito','b7928a7dff62d9056893d33a2183ddc23d13a0b2.jpg','2','27-196262-D-27','vito.fide@gmail.com','9519 \r\nbudiriro 5B',NULL,'0773293531','1988-11-21','4','Male',NULL,'7397617620','2018-08-15 14:25:03','2018-08-15 14:25:03'),(452,'6','Tadiwa L','Nhoro','2ce79adb8fa585b5c8c0ade97edb0ec7f6713eda.jpg','1','38-2009933-M-04','','Chinhoyi High\r\nChinhoyi',NULL,'0774307646','2001-04-02','21','Female',NULL,'6641221007','2018-08-15 14:25:16','2018-08-15 14:25:16'),(453,'2','Eyenegi','Fenyengenye','7c37044700a8df01adc9fe7e7f55540e9cf301fb.jpg','1','47-2002959-T-47','eyenegifnyengenye@gmail.com','5338 Unit E Seke Chitungwiza',NULL,'0773834347','1998-02-18','20','Male',NULL,'2794272337','2018-08-15 14:25:36','2018-08-15 14:25:36'),(454,'6','Courage','Madzikatire','3111157ae1a2392334b2fc8b0f1193e8b253899e.JPG','2','70-228005-M-50','','Chinhoyi',NULL,'0775287729','1987-09-09','7','Male',NULL,'4594251403','2018-08-15 14:30:45','2018-08-15 14:34:32'),(455,'6','Jack','Banda','76405634c2870265d90623e8d7a64eab12e27425.JPG','2','32-043086-Q-32','','Chegutu',NULL,'0772743616','1959-08-23','18','Male',NULL,'3954020441','2018-08-15 14:33:33','2018-08-15 14:33:33'),(456,'2','Craig','Kondo','2308c3a26fb36a1fedb6da9d3576831c46f7c103.jpg','1','04-176563-R-38','craigkondo@gmail.com','2803 Kambuzuma Section 4 Harare',NULL,'0735034541','1997-01-29','20','Male',NULL,'2580316741','2018-08-15 14:36:07','2018-08-15 14:36:07'),(457,'2','Ronald','Nala','fa29bf1e05f45de3250a6ec5de3d8cac0d1c70e0.jpg','1','05-2003579-D-05','samaz@gmail.com','82 Glen Nara Hillside, Harare',NULL,'0777647659','2000-02-10','20','Male',NULL,'1868190404','2018-08-15 14:39:58','2018-08-15 14:39:58'),(458,'2','Tonderai','Kapfudza','4c6dfd009a138da4c7715a6fcbed2582e35b45a7.jpg','1','63-2695593-A-47','persiek@gmail.com','16204 Unit M Chitungwiza',NULL,'0774532801','1996-04-07','20','Male',NULL,'7716987865','2018-08-15 14:43:23','2018-08-15 14:43:23'),(459,'6','Ephraim','Chigumbura','24dc52b6e8933de76c846ec36bc84e194e7a8ac4.JPG','2','70-131484-Y-71','','Sodbury High\r\nZvimba',NULL,'0772585483','1976-06-10','2','Male',NULL,'5595285898','2018-08-15 14:47:51','2018-08-15 14:47:51'),(460,'6','Sheila C','Musengi','9e90a0d3fcedcefb3bf086a910dd69c590dd1fc0.JPG','2','77-044040-W-77','','Chinhoyi',NULL,'0773605735','1971-09-01','19','Female',NULL,'3485689312','2018-08-15 14:54:51','2018-08-15 14:54:51'),(461,'6','Janet','Maburutse','87f75a1440f8d6fd21dd5e76d6fbe47d0c590164.JPG','2','07-119642-Q-07','','Rukoba Secondary\r\nBanket',NULL,'0772379878','1979-10-09','2','Female',NULL,'2023294933','2018-08-15 15:27:40','2018-08-15 15:27:40'),(462,'6','Scholastica','Musona','56110fedd83b16355e2862b835ce3bb277365218.JPG','2','24-085810-C-24','','Banket Primary\r\nBanket',NULL,'0773099077','1972-03-19','6','Female',NULL,'4637145765','2018-08-15 15:38:11','2018-08-15 15:38:11'),(463,'6','Hillary K','Mavengano','1bb233a184bb7bb3bf4f502d6aa9d7c45929e000.JPG','2','59-2001621-X-21','','Hurungwe',NULL,'0774460335','1990-05-14','6','Male',NULL,'5584545743','2018-08-15 15:42:07','2018-08-15 15:42:07'),(464,'6','Karl C','Makahamadze','e27852e3f58ca48c0333e50c5bbbc21758ea955c.JPG','1','29-2026815-A-50','','Kutama College\r\nZvimba',NULL,'0774460335','2004-05-13','6','Male',NULL,'4623106905','2018-08-15 15:53:10','2018-08-15 15:53:10'),(465,'6','Leoner T','Mashayamombe','f429c3ca1f2bab227432649eb712d09b053cbf71.JPG','1','38-2034817-K-70','','Banket Primary\r\nBanket',NULL,'0774460335','2005-11-02','6','Female',NULL,'3069665182','2018-08-15 15:58:00','2018-08-15 15:58:00'),(466,'6','Sharon F','Mhuriro','51ced3da385e84f97c4b30552e0594f209074c68.JPG','1','71-2001219-S-86','','Sinoia Primary\r\nChinhoyi',NULL,'0774460335','2006-01-19','6','Female',NULL,'9961673643','2018-08-15 16:04:47','2018-08-15 16:04:47'),(467,'6','Edwin Tendai','Avonie','a15041c0bd6b335a894db74163e09aed655f2e96.JPG','2','25-104179-A-25','','Chegutu',NULL,'0774751253','1990-10-03','18','Male',NULL,'7813191182','2018-08-15 16:13:53','2018-08-15 16:13:53'),(468,'6','Brenda','Musavengana','95b58a7dcc1b1f3aa1bbc4b37c0f1b0cb51f410a.JPG','2','63-1267302-K-77','','Zvimba',NULL,'0773401942','1985-01-07','18','Female',NULL,'7628711611','2018-08-15 16:17:14','2018-08-15 16:17:14'),(469,'2','Brendon T','Nyamutamba','a19c9b9db91d6042d0193bb7786647f5586936ef.jpg','1','63-2327350-L-32','','44 4th Avenue \r\nWarren Park',NULL,'0775770405','2000-04-04','4','Male',NULL,'8661965840','2018-08-16 09:20:12','2018-08-16 09:20:12'),(470,'2','Nigel','Kecho','a55110b7a11a2d10aff8a9b1364369abca685148.jpg','1','63-2829106-Y-07','','2420 \r\nKuwadzana 4',NULL,'0783776204','1997-05-18','4','Male',NULL,'7144015676','2018-08-16 09:24:09','2018-08-16 09:24:09'),(471,'2','Aurther','Dube','5cee91c306d44b48b91154629245496e20ec3d7e.png','1','63-2107321-Z-03','','2420 \r\nKuwadzana 4',NULL,'0783017072','1998-09-24','4','Male',NULL,'3592076274','2018-08-16 09:27:36','2018-08-16 09:29:11'),(472,'2','Tawanda','Tongwe','d1a40b2214a30af88d35d524c05a876691c7e014.jpg','1','49-122748-Q-49','','1717 Epworth',NULL,'0771721260','1996-08-17','4','Male',NULL,'8172791197','2018-08-16 09:31:30','2018-08-16 09:31:30'),(473,'2','Wayne N','Murombedzi','93a70bcac299dda0905d8d7ec7b321dfaeff086a.jpg','1','63-2009270-X-32','','53 St patrics \r\nWaterfalls',NULL,'0777600982','1997-07-24','4','Male',NULL,'6540206807','2018-08-16 09:33:50','2018-08-16 09:33:50'),(474,'2','Sharlene','Saidi','51c73e25ec1277d981eaaec20af67feb93dcc2c9.jpg','1','05-2012088-C-05','','53 Uta \r\nChitungwiza',NULL,'0772998714','1998-08-27','20','Female',NULL,'5881172276','2018-08-16 09:42:08','2018-08-16 09:42:08'),(475,'2','Ngonidzashe','Dzvimbo','470aad34778906577eb3efee06a75a45d90233e7.jpg','1','42-279677-V-42','','8670 Paradise \r\nHighfield',NULL,'0734813569','1996-11-23','4','Male',NULL,'3221459158','2018-08-16 09:45:06','2018-08-16 09:45:06'),(476,'2','Yanai','Manyonga','cd0fec5353c2b9eedb23999518a8ee600a868311.jpg','1','63-2307986-N-25','','4859 Knowe\r\nPhase 2\r\nNorton',NULL,'0771540183','2000-01-24','20','Female',NULL,'4552301595','2018-08-16 13:11:31','2018-08-16 13:11:31'),(477,'2','Felistas R','Mandizvidza','8be21fe61ac14ad4bdb90c4a67172a375c2f5285.jpg','1','63-2267889-E-12','','18 Nzou \r\nzengeza 2 \r\nChitungwiza',NULL,'0784334461','2000-10-19','20','Female',NULL,'7941645921','2018-08-16 13:14:26','2018-08-16 13:14:26'),(478,'2','Tatenda A','Makawa','6d96658e53e40201334093c71774ff6e6e6375e8.jpg','2','63-2560398-Z-85','alfamark.am@gmail.com','3537 Sherwood \r\nMablereign',NULL,'0782897844','1995-12-23','20','Male',NULL,'9417837867','2018-08-16 13:18:14','2018-08-16 13:18:14'),(479,'2','Ruvarashe R','Matsvayi','f93412d7f24a2d375f561c0db0f12292d90653cf.jpg','1','63-2198674-W-45','','9 roy rd \r\nmablereign',NULL,'0781489084','1997-01-18','20','Female',NULL,'5042114947','2018-08-16 13:21:31','2018-08-16 13:21:31'),(483,'4','LINDSAY','TAZVIVINGA','82947a66d9808a52e989ca62dc5ad246affe90a3.jpg','3','05-092538R12','lindie.gamu88@gmail.com','1781 Chiwaridzo Link Road Chiwaridzo Bindura',NULL,'0775204007','1998-02-16','9','Female',NULL,'9485537622','2018-09-06 09:49:29','2018-09-10 08:55:59'),(484,'4','CHARLINE','NYIKADZINO','8ea2dbbcb0b914c0952e017caab1d5b44d609c16.jpg','1','71-2005920C71','','Suite 1 Matombo Manyoro Park Bindura',NULL,'0775204007','2000-10-25','8','Female',NULL,'3215025903','2018-09-06 13:57:03','2018-09-10 08:55:09'),(485,'4','MUKUDZEI','MANDAZA','bd5c031a1e8c76d2e19a6913f5cc0181172a64f7.jpg','1','71-2018577K71','','Nyandoro Primary School P. Bag 15 Guruve',NULL,'0772971969','2007-03-15','8','Male',NULL,'2993457275','2018-09-10 07:51:50','2018-09-10 07:51:50'),(486,'4','MUNASHE','MUGOGO','37540b91786d533c3ddf70c991342f2db68d2d0a.jpg','1','05-2033123R61','','Bindura Primary School P.O. Box 97191\r\nBindura',NULL,'0783818359','2006-01-03','8','Male',NULL,'8635423573','2018-09-10 08:03:37','2018-09-10 08:03:37'),(487,'4','EPIPHANIA','CHIBWERA','b7644b7c5c084fea0c6e03349f9db2f3ab6ebeff.jpg','1','05-2015853V05','','Chipadze High School P .Box 332 Bindura',NULL,'0782770218','2002-08-17','8','Female',NULL,'2088318180','2018-09-10 08:19:13','2018-09-10 08:19:13'),(488,'4','SHINGAI','JULIUS','56dbe7e8cc5020c92b89c222d7a40581dafa391e.jpg','1','05-201344B05','','Hermann Gmeiner High School P.O. Box 998 Bindura',NULL,'0717074958','2004-09-30','8','Female',NULL,'4153931917','2018-09-10 08:23:08','2018-09-10 08:23:08'),(489,'4','TARIRO','SAM','f7c64a3c8b40f07f7ccc0f786a8e952dbce8bef6.jpg','1','63-2436369K69','','Hermann Gmeiner High School P.O Box 998 Bindura',NULL,'0717074958','2005-06-20','8','Female',NULL,'9278885720','2018-09-10 08:25:46','2018-09-10 08:25:46'),(490,'4','ALEX','MUSARURWA','2b902c5c1af4a72481ef0be5680c446b04cc05b8.jpg','1','05-2034670Y05','','Murembe High School P. Bag 326\r\n Bindura',NULL,'0783818096','2002-04-10','8','Male',NULL,'4802544353','2018-09-10 08:29:37','2018-09-10 08:29:37'),(492,'4','PATRICK','FUMHE','5f27c3fe3e72eb80bb77aee17a84008e25d97a10.jpg','1','05-2025929X71','','Chipadze High School P.O. Box 332 Bindura',NULL,'0717074958','1998-06-24','8','Male',NULL,'5889072023','2018-09-10 08:38:47','2018-09-10 08:38:47'),(493,'4','GODWIN','KATAKURA','a1160e717db63f999e112a7bb56800f143319dce.jpg','1','61-077828S61','','Katakura Secondary School P. Bag 2013 Rushinga',NULL,'0782988396','2000-04-18','8','Male',NULL,'6555126029','2018-09-10 08:42:07','2018-09-10 08:42:07'),(494,'4','LEAH','KANGOMA','cab8687231086fd3e6db7d9a9753a40d27605ccf.jpg','1','11-2001745B11','','Horse Shoe Primary School P. Bag 12 Guruve',NULL,'0773279539','2007-09-09','8','Female',NULL,'2889281349','2018-09-10 08:46:47','2018-09-10 08:46:47'),(495,'4','TARIRO','MAURIDE','70b5bcb16427487f56afe348b9c97384a569828f.jpg','1','63-2783856N63','','Bindura Primary School P.O. Box 97191\r\nBindura',NULL,'0773180184','2007-03-13','8','Female',NULL,'4025185776','2018-09-10 08:51:17','2018-09-10 08:51:17'),(496,'4','ASTRON','MATORA','e9a0f1096916bcaea6216a79444a26abd4a1ef1b.jpg','1','68-2001243Y68','','Hermann Gmeiner High School P.O. Box 998 Bindura',NULL,'0774155651','2000-09-29','8','Male',NULL,'8637181932','2018-09-10 12:07:48','2018-09-10 12:07:48'),(497,'4','BENJAMIN','MITI','ae89c41c00695ffcde60ea1a49f4b3f4329a044d.jpg','1','05-143277S26','','Chipadze High School P.O. Box 332 Bindura',NULL,'0772217532','1998-02-02','8','Male',NULL,'9240385404','2018-09-10 12:10:09','2018-09-10 12:10:09'),(498,'4','TINOTENDA','CHAGURUKA','5fe7fd4c911ccf0f0c5b0dd2d88b21842ef5817d.jpg','1','71-163585X71','','Mamini Secondary School P. Bag 29 Guruve',NULL,'0777703144','1999-11-21','8','Male',NULL,'9658024391','2018-09-10 12:12:55','2018-09-10 12:12:55'),(499,'4','KUDAKWASHE','CHINDOKO','73cc4187f575b09f99dad32b99d26a3ad6809db1.jpg','1','63-2524585X48','','Bindura Primary School P.O. Box 97191\r\nBindura',NULL,'0775205882','2007-02-02','8','Female',NULL,'6219493198','2018-09-10 12:15:53','2018-09-10 12:15:53'),(500,'4','ESNATH','MUSAFARE','095d93fb9bf5c868f493626d81da6b722940944b.jpg','1','68-2004126G68','','Nherera Primary School P. Bag 33 Shamva',NULL,'0776045176','2007-02-04','8','Female',NULL,'3049510109','2018-09-10 12:18:30','2018-09-10 12:18:30'),(501,'4','TYREEN','KACHENGA','4fb510e9dd2e46534b21a1005193d285e0bb087e.jpg','1','05-2016715G25','','Bindura Primary School P.O. Box 97191\r\nBindura',NULL,'0713676961','2006-09-03','8','Female',NULL,'2582282991','2018-09-10 12:22:38','2018-09-10 12:22:38'),(502,'4','STEPHEN','MUJAJI','e7f6ae1ee67afd0cb0dadc38a2d80b1f84c669cb.jpg','2','24-007879V24','','163/7 Trojan Mine Bindura',NULL,'0777054596','1952-10-28','8','Male',NULL,'2803414385','2018-09-10 12:26:56','2018-09-10 12:26:56'),(503,'4','JOSEPHINE','BANHIRE','acf20c605a6a7c801cc88fd74f3412cabeafcccb.jpg','2','59-006182D05','','Nyarukunda Primary School P. Bag 1036 Madziwa',NULL,'0779734536','1975-12-18','8','Female',NULL,'5935257165','2018-09-10 12:40:40','2018-09-10 12:40:40'),(504,'4','KUZIVAKWASHE','CHIKONYORA','1fffbf3619eecd437a7f0abd48bd46d9cb4c5156.jpg','1','63-2524585X45','','Muchirikuenda Pimary School P. Bag 3018 Mazowe',NULL,'0772214532','2007-02-03','8','Female',NULL,'3596550958','2018-09-10 13:31:06','2018-09-10 13:31:06'),(505,'4','GARIKAYI','CHAPEYAMA','3316e0bebeffd8924ec54825d5ba633025b664f8.jpg','1','63-2470454J75','','Nyava Junior School P. Bag 168 Highlands Harare',NULL,'0774109636','2006-02-20','8','Male',NULL,'1021324526','2018-09-10 13:38:17','2018-09-10 13:38:17'),(506,'4','PSYCHOLOGY','CHITSVARE','d98f5e2f715def6b65678e5d5ebb560906d84f58.jpg','1','05-2032734T12','','Nyava Junior School P. Bag 168 Highlands Harare',NULL,'0774109636','2006-11-10','8','Male',NULL,'5520073710','2018-09-10 13:41:15','2018-09-10 13:41:15'),(507,'4','BLESSING','MUDZANA','4ea03e4b7c4537ad071be85721a55d6ff7bf2eee.jpg','2','18-107616Q18','','Muchirikuenda Primary School P. Bag 3018 Nzvimbo',NULL,'0772214532','1986-09-02','8','Male',NULL,'5087251379','2018-09-10 14:25:25','2018-09-10 14:25:25'),(508,'4','KOMBORERO','MAGADZIRE','4a2afd6cb8881687990281e343bbc5eefa8edb2d.jpg','2','14-152869C27','','Chimanikire Primary School P. Bag 33 Guruve',NULL,'0772279147','1983-04-23','8','Female',NULL,'1403392250','2018-09-10 14:28:43','2018-09-10 14:28:43'),(509,'4','BARON','KACHINGWE','f5fb20dc2f47d9a8b4fc44b8dd482d2dc1b21941.jpg','1','68-093529E68','','BUSE P.O. BOX 1020 BINDURA',NULL,'0779503269','1997-02-09','21','Male',NULL,'7743291714','2018-09-14 11:04:07','2018-09-14 11:04:07'),(510,'4','RAYMOND','NGIRAZI','cbb038abd8d125823d82e49b3a5a7655c0dec215.jpg','1','48-145041Q49','','BUSE P.O. BOX 1020 BINDURA',NULL,'0779503269','1996-02-05','21','Male',NULL,'5667710291','2018-09-14 11:13:06','2018-09-14 11:13:06'),(511,'4','LAWRENCE','MARIKETI','fda2469105b18c43a24e00114288981b210be434.jpg','1','68-093530F68','','BUSE P.O. BOX 1020 BINDURA',NULL,'0779503269','1996-09-29','21','Male',NULL,'2838459389','2018-09-14 11:14:53','2018-09-14 11:14:53'),(512,'4','NYASHA','CHUMA','92dd76218f56fdde0c1dfbe3c5f96c9d63e75ffe.jpg','1','83-2002089W67','','BUSE P.O. BOX 1020 BINDURA',NULL,'0779503269','1997-07-14','21','Male',NULL,'7947336440','2018-09-14 11:16:29','2018-09-14 11:16:29'),(513,'4','RUTENDO','NDHLOVU','696911aa201466d0c3744f879b6e737ce53daa48.jpg','1','67-2001214B67','','BUSE P.O. BOX 1020 BINDURA',NULL,'0779503269','1997-09-09','21','Female',NULL,'9776817788','2018-09-14 11:18:04','2018-09-14 11:18:04'),(514,'4','PRUNELLA','CHIPUNGU','96484951585c8b11976897b209502e2628804829.jpg','1','18-2002339D48','','BUSE P.O. BOX 1020 BINDURA',NULL,'0779503269','1997-10-28','21','Female',NULL,'9151245913','2018-09-14 11:20:38','2018-09-14 11:20:38'),(515,'4','BENEDICT','JAIROS','fc924faf4c05146d0842716bd1f15f34e2bb009e.jpg','1','75-506457K38','','BUSE P.O. BOX 1020 BINDURA',NULL,'0779503269','1997-06-10','6','Male',NULL,'1089633699','2018-09-14 11:26:59','2018-09-14 11:26:59'),(516,'4','KEAN','MAKUVAZA','9423d8bb92fa458eed7698f6f06b9ea17f08636f.jpg','1','63-1570676P34','','BUSE P.O. BOX 1020 BINDURA',NULL,'0779503269','1997-01-12','6','Male',NULL,'6298196609','2018-09-14 11:31:15','2018-09-14 11:31:15'),(517,'4','VIMBAI','GADZIKWA','51737b86e3507925a0fcf3f2bf634a0f01d5fabd.jpg','1','71-160460A25','','BUSE P.O. BOX 1020 BINDURA',NULL,'0779503269','1998-10-04','6','Female',NULL,'7363025424','2018-09-14 11:35:13','2018-09-14 11:35:13'),(518,'4','IRENE','JABANGWE','c6bd3d6da0037a15f3a78df6cfbb453aae42c551.jpg','1','70-2007661E18','','BUSE P.O. BOX 1020 BINDURA',NULL,'0779503269','1999-03-28','6','Female',NULL,'4866692674','2018-09-14 11:39:59','2018-09-14 13:05:11'),(519,'4','KUDAKWASHE','CHIPOYA','68cc4532690dd11c79721aae2d73b132c6702c89.jpg','1','63-2590713A71','','BUSE P.O. BOX 1020 BINDURA',NULL,'0779503269','1997-06-04','20','Female',NULL,'4286591488','2018-09-14 11:45:18','2018-09-14 11:45:18'),(520,'4','VICTORIA','MAFUTA','f4593cb49fc8b73fb6109582365879f80ab874e8.jpg','1','63-2002796K66','','BUSE P.O. BOX 1020 BINDURA',NULL,'0779503269','1997-06-06','20','Female',NULL,'1182505587','2018-09-14 11:47:10','2018-09-14 11:47:10'),(521,'4','BIANCA','MIGERI','2c1e0195d029a11ec33b0960582a5535493fee43.jpg','1','63-1588087P63','','BUSE P.O. BOX 1020 BINDURA',NULL,'0779503269','1996-03-10','19','Female',NULL,'1063474972','2018-09-14 11:51:11','2018-09-14 11:51:11'),(522,'4','SHALOM','BONZO','86c1af90641330b33ca824783446707cfbc30898.jpg','1','75-2073072E50','','BUSE P.O. BOX 1020 BINDURA',NULL,'0779503269','1996-10-01','19','Female',NULL,'7804039110','2018-09-14 11:52:46','2018-09-14 11:52:46'),(523,'4','TRENCHIAS','TEURO','49925ff39b092102aab3c3d341aa574e2cb94ab5.jpg','1','63-2000101H15','','BUSE P.O. BOX 1020 BINDURA',NULL,'0779503269','1997-03-15','19','Female',NULL,'4032885303','2018-09-14 11:57:37','2018-09-14 11:57:37'),(524,'4','CHRISTOPHER','MUTUSVA','f27083a0e1fbd56f832b19b5e37a199e337b9eca.jpg','2','42-139545C42','','BUSE P.O. BOX 1020 BINDURA',NULL,'0783332734','1972-03-02','19','Male',NULL,'7577050728','2018-09-14 12:07:24','2018-09-14 12:07:24'),(525,'4','FARAI','CHIMBAMBO','82bfdf7cb84c7265f129c2c3f805031630c8c260.jpg','1','63-2057579G03','','BUSE P.O. BOX 1020 BINDURA',NULL,'0779503269','1998-06-19','17','Male',NULL,'2655082834','2018-09-14 12:09:22','2018-09-14 12:09:22'),(526,'4','JOSEPH','PHIRI','74bd9428678da48871e30de1d3b6615c64c18f10.jpg','1','32-195978C32','','BUSE P.O. BOX 1020 BINDURA',NULL,'0779503269','1996-03-14','17','Male',NULL,'8830897403','2018-09-14 12:10:37','2018-09-14 12:10:37'),(527,'4','CORDELIA','MITI','cb7d7d9b9a3b459c3bebf1477a10aa122fd817e3.jpg','1','75-056334B50','','BUSE P.O. BOX 1020 BINDURA',NULL,'0779503269','1997-07-26','17','Female',NULL,'8554778894','2018-09-14 12:13:52','2018-09-14 12:13:52'),(528,'4','NANDI','MUZA','90069a28a527448988b0edd3ab0bcdcbc88d1413.jpg','1','63-2208898J66','','BUSE P.O. BOX 1020 BINDURA',NULL,'0779503269','1997-09-20','17','Female',NULL,'7200083144','2018-09-14 12:15:24','2018-09-14 12:15:24'),(529,'4','TITUS','NYATHI','aa48e1b426ddefa9316ae72d877c7388724be256.jpg','1','26-2002084Y26','','BUSE P.O. BOX 1020 BINDURA',NULL,'0777469412','1997-03-09','8','Male',NULL,'3192143064','2018-09-14 12:28:11','2018-09-14 12:28:11'),(530,'4','JAMES','MTENJE','d53d1eadf310249ff75de587ef33bc644f3a4027.jpg','1','05-2022673H32','mtenjejames18@gmail.com','BUSE P.O. BOX 1020 BINDURA',NULL,'0777469412','1999-07-01','8','Male',NULL,'9645614237','2018-09-14 12:29:46','2018-09-14 12:31:20'),(531,'4','TAKUDZWA','MBENENE','9de6f06f3d25ffea2a5197312f1637bc351cd78e.JPG','1','58-255653L22','','BUSE P.O. BOX 1020 BINDURA',NULL,'0779503269','1997-01-27','6','Male',NULL,'8093218670','2018-09-14 12:47:18','2018-09-14 12:47:18'),(532,'4','SHANTEL','MUTODZWA','9edf7a7750101da28a0d27ff1001c50674df4c6d.JPG','1','63-2152154F25','','BUSE P.O. BOX 1020 BINDURA',NULL,'0779503269','1999-08-06','6','Female',NULL,'1139728379','2018-09-14 12:49:10','2018-09-14 12:49:10'),(533,'4','ELTON','KWARAMBA','ed91d7869ca12b90fd405b3d70caa6b5bb01d80a.JPG','1','68-098419V25','','BUSE P.O. BOX 1020 BINDURA',NULL,'0779503269','1998-09-09','20','Male',NULL,'1686452647','2018-09-14 12:50:52','2018-09-14 12:50:52'),(534,'4','TONDERAISHE','MANYANGA','50f183dbd83612f9e79bf4a104f3d10cc61049e2.JPG','1','63-161385W12','','BUSE P.O. BOX 1020 BINDURA',NULL,'0779503269','1998-03-07','20','Male',NULL,'7479992583','2018-09-14 12:52:31','2018-09-14 12:52:31'),(535,'4','DANAI','NYAMUKUTA','57a5456d613146c461cdafd2f8aac320720a06ce.JPG','1','63-2934652L34','','BUSE P.O. BOX 1020 BINDURA',NULL,'0779503269','1998-01-09','19','Female',NULL,'8098358304','2018-09-14 12:54:15','2018-09-14 12:54:15'),(536,'4','FLORENCE','JACOB','25c3dc78df423e673cc4a50eb7badfb04f2a4df7.jpg','1','07-234591K07','','BUSE P.O. BOX 1020 BINDURA',NULL,'0779503269','1998-07-07','19','Female',NULL,'1835290195','2018-09-14 12:56:19','2018-09-14 12:56:19'),(537,'4','PRIVELEDGE','CHIKOVE','4345e3fb6413ee77e083b0a60352728c8e999ec8.JPG','1','42-229339Z45','','BUSE P.O. BOX 1020 BINDURA',NULL,'0779503269','1997-02-25','19','Female',NULL,'7964451811','2018-09-14 12:58:27','2018-09-14 12:58:27'),(538,'4','JUSTICE','MUKARO','28d090909b5f75314ea09c38984b0baf9aef440c.JPG','1','22-306140D27','','BUSE P.O. BOX 1020 BINDURA',NULL,'0779503269','1996-06-02','17','Male',NULL,'2655638176','2018-09-14 12:59:52','2018-09-14 12:59:52'),(539,'4','OTILIA','MASUNGA','16dd8d3caba7cc92b0987dce251cd4e1d8f38b60.jpg','1','63-2097642C68','','BUSE P.O. BOX 1020 BINDURA',NULL,'0779503269','1999-02-21','21','Female',NULL,'2313028717','2018-09-14 13:39:29','2018-09-14 13:39:29'),(540,'4','TATENDA','TEDE','23d33b75050ed67bb7b8ffe5c368b729507de87c.jpg','1','24-221577A24','','BUSE P.O. BOX 1020 BINDURA',NULL,'0779503269','1997-09-15','19','Female',NULL,'3564602776','2018-09-14 13:40:54','2018-09-14 13:40:54'),(541,'4','TSITSI','MUZUVA','c12605693ffa2ac52d3454339ac70bf57956dc54.jpg','7','32-057271J43','tsitsimuzuva66@gmail.com','BUSE BAG 1020 BINDURA',NULL,'0772772459','1966-01-01','9','Female',NULL,'7537302068','2018-09-17 10:05:57','2018-09-17 10:05:57'),(542,'16','Sylvester S','Ndlovu','c4defc2a0b63dfc0ab74f9561b00d0f024fe9726.jpg','7','08-535914-R-56','','175 Rangemore',NULL,'0772712573','1970-06-08','9','Male',NULL,'8536101281','2018-09-18 21:16:00','2018-09-18 21:16:00'),(543,'16','Jenifer','Zifungo','bae1c28ceadc383f3f2e3f1a0b28d25425316f25.jpg','7','12-005733-J-12','zifungoj@gmail.com','Morgenster Teachers College\r\nPO Morgenster',NULL,'0773443974','1966-05-18','9','Female',NULL,'4038289545','2018-09-19 10:11:53','2018-09-19 10:11:53'),(544,'16','Shepard','Kugara','3c41397481d336b98ca67b3e26e9282fd03ea39d.jpg','7','63-729560-K-32','kugashe@yahoo.com','267 Zishiri Road \r\nUnit G Seke\r\nChitungwiza',NULL,'0773219833','1969-12-17','9','Male',NULL,'5386290169','2018-09-19 10:17:37','2018-09-19 10:17:37'),(545,'16','Andrew','Moyo','136078b402cf50dc7a761646c85779b96dac88c6.jpg','7','67-067540-Z-67','andie.moyo@yahoo.com','4082 Rusike Park \r\nMarondera',NULL,'0773813583','1967-11-30','9','Male',NULL,'1136399417','2018-09-19 10:23:51','2018-09-19 10:23:51'),(546,'16','Simeleokuhle','Ncube','1225e4258db6291dc2607ff4d4c4e253d0911338.jpg','7','08-630210-M-39','','United College of Education','0774018297','0713474663','1983-12-26','9','Female',NULL,'6584112614','2018-09-19 12:35:52','2018-09-19 12:35:52'),(547,'16','Joshua','Matume','0787f9c4941be629fa23696cfd482163f2456c43.jpg','7','75-152289-V-75','joshmatus@yahoo.com','7033 Area 15 \r\nDangamvura \r\nMutare','02202064734','0773792434','1965-02-02','9','Male',NULL,'5039151017','2018-09-19 12:58:42','2018-09-19 12:58:42'),(548,'4','TAKUNDA','MANJENGENJA','68b3f22e664ed154c6fbcc4268dcad11279b3d54.jpg','1','05-2015896R68','','15/33 MUSVOSCI STREET  CHIPADZE BINDURA',NULL,'0777436736','2000-03-24','21','Male',NULL,'1885410487','2018-09-20 08:50:48','2018-09-20 08:50:48'),(549,'4','KNOWLEDGE','HAMANDISHE','1ef6230b4b9314938da389bbe5cf55a9727fe25d.jpg','1','63-2001032T03','','3106 AERODROME MAGAMBA WAY BINDURA',NULL,'0779866405','1997-09-27','21','Male',NULL,'1418849469','2018-09-20 09:01:01','2018-09-20 09:01:01'),(550,'4','PHILLIP','KAVHAI','fee05c582de627ecf92a3f591c71807b06b11a9c.jpg','2','59-0104438E71','phinkav@gmail.com','RUSUNUNGUKO TOWNSHIP MVURWI',NULL,'0777103418','1975-08-06','21','Male',NULL,'8370485821','2018-09-20 09:07:32','2018-09-20 09:09:08'),(551,'4','THANDIWE','KAHARI','45ed18afb6463c07ebc7ef4677cde168404fc810.jpg','1','06-200191H47','thandiwekahari@gmail.com','510 LDV SHAMVA',NULL,'0772805233','1998-11-18','21','Female',NULL,'8122137537','2018-09-20 09:17:25','2018-09-20 09:17:25'),(552,'4','NATASHA','CHITSIKE','a83f7911d7b6bde57025a39d0ca11c2ca3abf681.jpg','1','68-2086207Z47','natashaprudence9@gmail.com','MASHAMBANYAMA PRIMARY SCHOOL',NULL,'0783789555','1997-05-25','21','Female',NULL,'1415537232','2018-09-20 09:20:24','2018-09-20 09:20:24'),(553,'4','KUDZAI','MUROMBO','5cb64fc5d69cafc75bf9952cb06afc6e83d86612.jpg','1','14-183095N86','','NZVIMBO HIGH SCHOOL',NULL,'0771038336','1996-05-26','21','Female',NULL,'9190888943','2018-09-20 09:24:14','2018-09-20 09:24:14'),(554,'4','ELISHNANCE','TSATSE','be41c1a39db7a679f6cf60d420c8d5357814c234.jpg','1','15-1983527C68','','PLOT NUMBER 21 AMELROY FARM GLENDALE',NULL,'078391077','1998-05-01','21','Female',NULL,'7958288761','2018-09-20 09:27:08','2018-09-20 09:27:08'),(555,'4','YOLLANDA','BIKWA','c0789215f630796a97572b7040d103c5c9ee4ef8.jpg','2','59-139070X18','yolah08@gmail.com','RUSTINGTON PRY P.BAG 2033 SHAMVA',NULL,'0773173276','1994-09-05','21','Female',NULL,'8750077071','2018-09-20 09:30:21','2018-09-20 09:30:21'),(556,'4','CEASAR','SIMBI','79abb639ba56dd25e86b7ce4a94d9efff1bea3ac.jpg','1','08-2024634K26','seniorceaser@gmail.com','NEW MARIMBA PARK MUKONONO ROAD HARARE',NULL,'0778856151','1999-04-13','17','Male',NULL,'1718136190','2018-09-20 09:37:45','2018-09-20 09:37:45'),(557,'4','ALFRED','TAIMON','6498b81e2500ec58caace9e1c4ab62e5121b233b.jpg','1','05-2001072D68','','CHIPINDURA PARK STAND NO. 28 BINDURA',NULL,'0776977979','1997-10-15','17','Male',NULL,'8783157618','2018-09-20 09:45:03','2018-09-20 09:45:03'),(558,'4','MIKE','CHIMOMBE','a8691abcddfd3d243f406842ccfae0f076786d66.jpg','1','05-111769V05','mikechimombe05@gmail.com','CHIWARIDZO BINDURA',NULL,'0778716109','1997-04-05','17','Male',NULL,'6025382454','2018-09-20 09:49:27','2018-09-20 09:49:27'),(559,'4','DICKSON','MANYEZA','2a8f1f140da83f8507cad6d48023debd160fd718.jpg','1','79-3752014P42','dmanyeza@gmail.com','CHIWARIDZO BINDURA ZIMBABWE',NULL,'0771002827','1998-11-24','17','Male',NULL,'4172537557','2018-09-20 09:51:50','2018-09-20 09:51:50'),(560,'4','MAIDEI','DZAMA','5f360a109c0242a5af25ff2f65261798eb6582e7.jpg','1','79-2002392P32','','430 CHIBONDO BAOBAB HILL HWANGE',NULL,'0783895097','1998-03-19','17','Female',NULL,'8215848615','2018-09-20 09:54:24','2018-09-20 09:54:24'),(561,'4','JOYLINE','CHIDHINDI','16e9ed88906727d8aa6a102db3ff5ad9aa5a0877.jpg','2','45-148464R45','chidhindij1983@gmail.com','TABEX PRIMARY BOX 23 MT DARWIN',NULL,'0773668176','1983-02-27','17','Female',NULL,'1004445255','2018-09-20 09:57:11','2018-09-20 09:57:11'),(562,'14','Matsambire','Raymond','a6945c1c9847b1f1e2fed36e865b078c4218dc3c.jpg','2','63-1234854-Q-07','','Chaminuka VTC\r\nMount Darwin',NULL,'0773090808','1985-01-18','21','Male',NULL,'6208012202','2018-09-20 10:01:50','2018-09-20 10:01:50'),(563,'14','Patrick','Mudani','63a2fa5fcbcc887c0abf5004ae48336670a23dfe.jpg','1','05-135147-F-18','','Chaminuka VTC \r\nMount Darwin',NULL,'0773598688','1996-06-27','2','Male',NULL,'9524696231','2018-09-20 10:13:46','2018-09-20 10:13:46'),(564,'14','Edward Bruce','Majinjiwa','a864e9efbfe7c7832d601564e9181712ae4941d3.jpg','1','38-238457-P-38','','Chaminuka VTC \r\nMount Darwin',NULL,'0773598688','1997-12-21','2','Male',NULL,'1214779881','2018-09-20 10:19:47','2018-09-20 10:19:47'),(565,'14','Stylodge P','Kusotera','138e8a983893d5489b7dd56c068fd90a33649664.jpg','2','68-074285-M-68','','Chaminuka VTC \r\nMount Darwin',NULL,'0773598688','1989-10-18','2','Male',NULL,'1196979199','2018-09-20 10:31:35','2018-09-20 10:31:35'),(566,'14','Beatrice','Zvirevo','4851bf48336703b7e719b2572f3cda374f3a76fb.jpg','1','83-210318-X-83','','Mshagashe VTC \r\nMasvingo',NULL,'0782956762','1997-11-27','2','Female',NULL,'4193398051','2018-09-20 10:36:00','2018-09-20 10:36:00'),(567,'14','Gamuchirai','Mujera','2a5bdefbc1f9a8cc088904d0a55a8e58bccf7647.jpg','1','22-309185-N-83','','Mshagashe  VTC\r\nMasvingo',NULL,'0773562618','1998-06-20','2','Female',NULL,'8865460082','2018-09-20 10:41:02','2018-09-20 10:41:02'),(568,'14','Sarudzai','Mukukuri','93baeb19d1a61613386ef793f58006cb7f0c1c90.jpg','1','18-141884-N-18','','Mshagashe VTC\r\nMasvingo',NULL,'0771880476','1997-04-20','2','Female',NULL,'8691876460','2018-09-20 10:45:14','2018-09-20 10:45:14'),(569,'14','Ellen','Nyamvura','e0b4d0f4f2b77a951504344fa1f36982c723e469.jpg','1','63-1569760-T-49','','Mshagashe VTC\r\nMasvingo',NULL,'0783525022','1996-01-26','2','Female',NULL,'9988198948','2018-09-20 10:48:48','2018-09-20 10:48:48'),(570,'14','Ratidzo','Matengarufu','cb70d8539e848424f55cb63618026b7400fb5930.jpg','1','56-140143-T-04','','Mshagashe VTC\r\nMasvingo',NULL,'0776832806','1996-01-26','2','Female',NULL,'8972630696','2018-09-20 10:53:33','2018-09-20 10:53:33'),(571,'14','Concilia','Furawu','e42b6f2896e9584d9a5400379e45100c6a45027d.jpg','1','04-194420-B-04','','Mshagashe VTC\r\nMasvingo',NULL,'0770835252','2000-03-22','2','Female',NULL,'9013500169','2018-09-20 10:57:28','2018-09-20 10:57:28'),(572,'14','Angelone','Muzinda','fb93bf08129e9d6ac8dc0477f617b76882fcb7b3.jpg','1','22-2033518-E-22','','Mshagashe VTC\r\nMasvingo',NULL,'0783795048','1996-07-26','2','Female',NULL,'3255551050','2018-09-20 11:01:01','2018-09-20 11:11:36'),(573,'14','Naomi','Munyepere','4d9da44e81943298919da34a1e64c101dfab40d8.jpg','1','04-186245-Q-04','','Mshagashe VTC\r\nMasvingo',NULL,'0774234591','1999-09-23','2','Female',NULL,'8312272555','2018-09-20 11:05:04','2018-09-20 11:05:04'),(574,'14','Mildred','Dauka','4bac126a83000ef3ac5425cc485901f2d2b66637.jpg','1','43-199878-N-43','','Mshagashe VTC\r\nMasvingo',NULL,'0777308899','2000-01-17','2','Female',NULL,'8528315025','2018-09-20 11:09:19','2018-09-20 11:09:19'),(575,'14','Vhuyiswa','Yafele','26283a69ca874ea86159ea911b0d21f48daa1969.jpg','2','63-1180968-T-25','','Mt View VTC\r\nMarondera',NULL,'0774169431','1983-05-11','21','Female',NULL,'9540588735','2018-09-20 11:19:02','2018-09-20 11:19:02'),(576,'14','Respect','Gurure','9455a6112e3ed95fb5a0d8e3e5521ab983768834.jpg','1','25-130293-K-68','','Mshagashe VTC \r\nMasvingo',NULL,'0774169431','1998-04-14','21','Female',NULL,'9928202596','2018-09-20 11:23:24','2018-09-20 11:23:24'),(577,'14','Memory','Nyamubarwa','7a89acdb75d4ad04c3e6b57a46328ae4828ddf88.jpg','2','63-1051342-W-75','','Chitungwiza VTC\r\nChitungwiza',NULL,'0773814957','1978-10-05','21','Female',NULL,'8124008364','2018-09-20 11:31:18','2018-09-20 11:31:18'),(578,'14','Banold','Tshuma','f99ff3b8ce5d8d5c74de34cd6c1741d8a642816d.jpg','2','02-006614-B-21','','Esigodhini VTC\r\nEsigodhini',NULL,'0777285480','1955-12-12','2','Male',NULL,'4564216996','2018-09-20 11:38:54','2018-09-20 11:38:54'),(579,'14','Fadzai','Chiramba','68ea345fa6d27cdf7f89ca3a4dc5b9a086c58969.jpg','2','22-146402-A-27','','Avoca VTC\r\nPlumtree',NULL,'0774377168','1973-05-05','8','Female',NULL,'2509822374','2018-09-20 11:43:44','2018-09-20 12:20:42'),(580,'14','Hilton','Moyo','f3d6c40d8402f2d9f476d96125693bee5a1a1c18.jpg','2','08-563362-B-03','','Guyu VTC\r\nGwanda',NULL,'0775473039','1971-04-09','21','Male',NULL,'3350941528','2018-09-20 11:53:12','2018-09-20 11:53:12'),(581,'14','Denver','Rusinga','fd68e10613f06c5c59f4ac9fba2cad50751fcb68.jpg','2','75-280184-L-75','','Mutare Urban VTC\r\nMutare',NULL,'0773482426','1973-02-03','2','Male',NULL,'6282054258','2018-09-20 11:59:26','2018-09-20 11:59:26'),(582,'14','Edward','Mufandaedza','e0794dad323f33512592a5691d311049adadc94d.jpg','2','07-111523-A-07','','Kaguvi VTC \r\nGweru',NULL,'0775020181','1977-08-12','8','Male',NULL,'9913203856','2018-09-20 12:03:55','2018-09-20 12:03:55'),(583,'14','Eniah Chido','Mumbi','335db257ba841ffceef3eefce036ec0e25ef3e2e.jpg','2','50-0630460-D-50','','Mudzi VTC \r\nKotwa',NULL,'0739319668','1972-11-04','2','Male',NULL,'6408764344','2018-09-20 12:08:20','2018-09-20 12:08:20'),(584,'14','Gift','Marozva','3129560f600dbef35b0c96963084b34a9a3d9dd1.jpg','7','63-834602-L-63','','Ruwa VTC\r\nRuwa',NULL,'0773101742','1971-10-09','9','Male',NULL,'5771471208','2018-09-20 12:13:27','2018-09-20 12:13:27'),(585,'4','ORIGINAL','MANGWIRO','16c2fb280b56dfc9f50d8c57e59f1ca0a70d6747.jpg','1','05-2003181W18','','8311CHIWARIDZI INFILL BINDURA',NULL,'0776078921','1999-08-27','21','Male',NULL,'1955731955','2018-09-20 12:15:30','2018-09-20 12:15:30'),(586,'14','Fatima','Karwendo','33834f0854e8651c74f0850564fd4bfdeb06e76a.jpg','2','59-2006410-C-45','','Nhakiwa VTC\r\nUzumba',NULL,'0777759357','1992-08-31','19','Female',NULL,'6087181719','2018-09-20 12:18:15','2018-09-20 12:18:15'),(587,'14','Clive','Mukundwi','8e574149d0d1569c7ae4c8cc1ed9417c29218ce8.jpg','1','61-067789-F-18','','Chaminuka VTC\r\nMount Darwin',NULL,'0773090808','1996-12-30','21','Male',NULL,'9128474047','2018-09-20 12:27:13','2018-09-20 12:27:13'),(588,'14','Vainah Silence','Ziko','e05040b923be38aae93d2088a3be3e7559085852.jpg','1','63-1561194-H-44','','Chaminuka VTC \r\nMount Darwin',NULL,'0771568991','1996-08-31','21','Female',NULL,'2592598291','2018-09-20 12:33:38','2018-09-20 12:33:38'),(589,'14','Loselyn','Munetsi','0f298160bf27ae71012ba288800f7ec64f803656.jpg','1','15-201284-J-15','','Chaminuka VTC\r\nMount Darwjn',NULL,'0771568991','2000-06-30','21','Female',NULL,'6419564866','2018-09-20 12:36:41','2018-09-20 12:36:41'),(590,'4','TSITSI','KARANDA','218fad11596a8a504ac175c4dbb390a6ecf04a54.jpg','1','68-2001355V32','','HERMANN GMEINER HIGH SCHOOL BOX 998 BINDURA',NULL,'0716253787','2003-01-03','8','Female',NULL,'3480497044','2018-09-20 12:45:05','2018-09-20 12:45:05'),(591,'4','JAMES','MAGANGA','dfd0ce2a5cc8a79da02d9cf2404bd9cc0a56288d.jpg','3','05-057410J18','jtmaganga@gmail.com','1264 CHIWARIDZO BINDURA',NULL,'0772825336','1975-08-04','9','Male',NULL,'7237731201','2018-09-20 12:58:53','2018-09-20 12:58:53'),(592,'4','EGNA','MATANDA','48ea82c5b8db8fcba1cfaafe5fdecf88178174c0.jpg','1','75-502622R50','','BUSE BOX 1020 BINDURA',NULL,'0771005784','1996-09-26','17','Female',NULL,'5717247681','2018-09-20 13:03:08','2018-09-20 13:03:08'),(593,'4','GIBBS','MITI','0c6d448dd120d105a5c7e2992c0eef618d78e266.jpg','1','05-068829W05','gibbsmiti@gmail.com','960 NYATI STREET CHIPADZE BINDURA',NULL,'0773633500','1976-06-07','17','Male',NULL,'6911969842','2018-09-20 13:08:27','2018-09-20 13:08:27'),(594,'4','TINASHE','MUNARWO','181f72b5d202469782829df84ccb89cf9dfcfc2b.jpg','2','29-145334K58','munabopaz@gmail.com','BUSE BOX 1020 BINDURA',NULL,'0779503269','1970-11-08','9','Male',NULL,'2181703211','2018-09-20 13:15:06','2018-09-20 13:15:06'),(595,'4','EVIDENCE','NARE','04de502ecf25688e93310e97650e9b477d63d02e.jpg','1','28-2047849Y28','','CHIPADZE HIGH SCHOOL 332 BINDURA',NULL,'0779451876','2001-03-31','8','Female',NULL,'4602522869','2018-09-20 13:30:26','2018-09-20 13:30:26'),(596,'4','RITA','TIRIBOYI','7f80176824fa731dda992c4be122c567ee37c747.jpg','9','08-2083718G25','ritatiriboyi@gmail.com','CHIPINDURA HIGH SCHOOL BOX 317 BINDURA',NULL,'0771514479','1993-12-20','9','Female',NULL,'5916066392','2018-09-20 13:49:53','2018-09-20 13:49:53'),(597,'4','MARYJOY','MUDYIRAVANJI','2f30966c40d81d314db57227d68ff5de39425aec.jpg','1','67-2005360H67','','BUSE BOX 1020 BINDURA',NULL,'0784523531','1997-08-13','8','Female',NULL,'5261593461','2018-09-20 13:56:36','2018-09-20 13:56:36'),(598,'4','NYASHA','MUTSETSE','bf41b6b8cdb5fec776b871c032dccdaaf6b4b5c2.jpg','1','75-2077659Q42','','BUSE BOX 1020',NULL,'0779490044','1996-02-06','8','Male',NULL,'6930201731','2018-09-20 13:58:52','2018-09-20 13:58:52'),(599,'4','LEVY','HOMBARUME','861b87963467c31e6c3a750a1df06e01c2e7fffb.jpg','9','63-158316S18','lhombarume@buse.ac.zw','BUSE BOX 1020 BINDURA',NULL,'0777469412','1956-11-15','9','Male',NULL,'9813581927','2018-09-20 14:44:37','2018-09-20 14:44:37'),(600,'4','SAMUEL','MASHATISE','159976de4e9c05f6754485bda430009f11a7f5f1.jpg','6','80-023681L80','smashatise@gmail.com','NDODAHONDO BUILDING BINDURA',NULL,'0779095923','1969-11-12','9','Male',NULL,'6204845183','2018-09-20 14:52:35','2018-09-20 14:52:35'),(601,'4','JOHN','MULASI','54949508174ff2018beeb9caa39d68ca535741f8.jpg','9','15-112052S15','jomulasi@gmail.com','ZRP OLD CAMP, BINDURA',NULL,'0773353379','1977-11-21','9','Male',NULL,'4312543106','2018-09-21 07:07:43','2018-09-21 07:07:43'),(602,'4','PAUL','MARANDU','cb95b93d713545b48caf8b4ac8bf4a769f538a6d.jpg','1','05-2009310H05','','BUSE BOX 1020 BINDURA',NULL,'0776314270','2002-04-12','8','Male',NULL,'4554895344','2018-09-21 07:16:08','2018-09-21 07:16:08'),(603,'4','RICHARD','MONDOKA','e1c9f971ed75b3241518f19c3aac87a70439d2b1.jpg','9','68-022099N71','richymondoka@gmail.com','1079 NYATI STREET CHIPADZE TOWNSHIP BINDURA',NULL,'0773464942','1968-04-04','9','Male',NULL,'7133503207','2018-09-21 07:25:42','2018-09-21 07:25:42'),(604,'16','Jephison','Chikovo','5631ae2d74c0f80e6aa8ddd993e23e8bebedbc6d.jpg','7','22-020855-L-22','chikovoj@gmail.com','Bondolfi Tr\'s College\r\nBondolfi\r\nMasvingo',NULL,'0773299745','1963-10-29','9','Male',NULL,'1185069299','2018-09-21 09:49:58','2018-09-21 09:49:58'),(605,'16','Malvern Farai','Mukundu','cc9ca46433fd02618230d6441d3f632941435694.jpg','7','75-406992-W-44','malmukundu@hotmail.com','5114 Zimta Park \r\nMutare',NULL,'0774845912','1989-02-27','9','Male',NULL,'8911538385','2018-09-21 09:56:52','2018-09-25 12:16:02'),(606,'4','GREEN','BHUKA','c8da4f15a52c0e0230f7500b634b38a6146ad013.jpg','9','68-013878Q68','','NYARUKUNDA SCHOOL BAG 1036 MADZIVA',NULL,'0772620055','1965-07-14','9','Male',NULL,'2331249408','2018-09-21 10:32:57','2018-09-21 10:32:57'),(607,'4','TARIRO','CHIKOVE','11a4d60f900de791e9a915585c37835809fb8a73.jpg','1','63-2075093T80','mitchellchikove@gmail.com','4600 MTOKO CRESCENT GLEN NORAH A HARARE',NULL,'0719706722','1998-09-23','17','Female',NULL,'2314967556','2018-09-21 10:36:37','2018-09-21 10:36:37'),(608,'4','KUDZANAI','DOBIE','3e7b4442582a3669dc4da2686386f58adc85762c.jpg','1','63-2146671W22','0776882748k@gmail.com','1149 MUNHONDO CHITEPO MARONDERA',NULL,'0776882274','1998-02-10','17','Female',NULL,'3983621111','2018-09-21 10:59:04','2018-09-21 10:59:04'),(609,'4','ANTONY','CHAREKA','126919fe6e544c97dee2127be44b737cd0b94e26.jpg','2','71-085425Q71','','254 GURUVE BAG 2047 GURUVE',NULL,'0777962104','1981-01-20','20','Male',NULL,'9820754257','2018-09-21 11:04:27','2018-09-21 12:26:23'),(610,'4','PHINEAS','CHIHURI','e66ebbe635154dffc648ce9049732cd4f03dab03.jpg','1','63-2007460X05','','2016 OLD TAFARA HARARE',NULL,'0782430825','1996-07-15','20','Male',NULL,'7644172283','2018-09-21 12:48:53','2018-09-21 12:48:53'),(611,'4','TANAKA','KAMUTI','9bed2f0f0ebab2f90bd550e480c3413cca19ed01.jpg','1','05-2007460X05','','5072 CHIWARIDZO BINDURA',NULL,'0716134943','2001-12-14','20','Male',NULL,'4278247602','2018-09-21 12:53:48','2018-09-21 12:53:48'),(612,'4','TANATSWA','SADI','7af0c61305d3a7d9091408f50087a2f2c8f4b9f2.jpg','1','63-2065006E63','','3015 AERODROME BINDURA',NULL,'0783393434','1998-09-15','20','Male',NULL,'9479761755','2018-09-21 12:55:37','2018-09-21 12:55:37'),(613,'4','RODWELL','DZAFUNWA','ebe47f3557af16da7e5770c8da97cfbc1234320a.jpg','1','05-143832W12','','CLEVERHILL BINDURA',NULL,'0734213428','1998-12-29','20','Male',NULL,'6164616276','2018-09-21 12:57:17','2018-09-21 12:57:17'),(614,'4','TATENDA','MANGWAIRA','de211b448c9c3af661a1ad33577f9730f7cb3f2d.jpg','1','63-2088109R70','','350 NEW PFURA MT DARWIN',NULL,'0777877310','1999-01-14','20','Male',NULL,'6739857003','2018-09-21 12:59:36','2018-09-21 12:59:36'),(615,'4','KELVIN','NYARIRI','fe80beaad4e90d8276d41e39f192b847907df396.jpg','2','05-108818M05','','2665 AERODROME BINDURA',NULL,'0776419915','1991-08-05','20','Male',NULL,'5174760695','2018-09-21 13:01:56','2018-09-21 13:02:46'),(616,'4','TATENDA','CHINZOU','6f1aa9a8846f079d0f7b6ea34575209bbdad5310.jpg','1','05-2007482W50','','64 BROCKDALE BINDURA',NULL,'0776419915','2002-02-02','20','Male',NULL,'7458666589','2018-09-21 13:25:05','2018-09-21 13:25:05'),(617,'4','SHARON','MHEMBERE','2240f5984d0239ee9df906ba679b94b681e2cf52.jpg','1','45-2003211M45','','BUSE BOX 1020 BINDURA',NULL,'0775940900','2000-08-26','8','Female',NULL,'2190417171','2018-09-21 13:28:06','2018-09-21 13:28:06'),(618,'4','NORMAN','MUKWADA','7b5ebf87c4e3d3d6afe2486dd276b60694401292.jpg','1','75-511740C75','','BUSE BOX 1020 BINDURA',NULL,'0774616488','1999-01-15','8','Male',NULL,'2648331801','2018-09-21 13:29:57','2018-09-21 13:29:57'),(619,'4','VIOLET','MUSETI','0079950c82ea1d5a95054a9838e0eafe74fec7c4.jpg','1','04-180814M04','','BUSE BOX 1020 BINDURA',NULL,'0782814346','1996-03-01','19','Female',NULL,'7395506793','2018-09-21 13:57:56','2018-09-21 13:57:56'),(620,'10','Pamela','Maripise','74a3f41afbd02da377a95815528def728227d769.jpg','1','23-120858-R23','','Chaplin',NULL,'0773986994','1997-02-23','20','Female',NULL,'8890012013','2018-09-25 06:56:12','2018-09-25 06:56:12'),(621,'10','Heather','Munyanyi','4f74db6b6a70902e7d59fe113fd07917d90f9567.jpg','1','67-164507-Y-18','','Chaplin',NULL,'0775922052','2000-09-22','20','Female',NULL,'1672182400','2018-09-25 06:58:55','2018-09-25 06:58:55'),(622,'10','Mazvita','Mhlanga','672b54b66796aa105de57de7a3b44f2094c39b18.jpg','1','63-2410012-L-13','','Chaplin',NULL,'0785908833','2001-02-06','20','Female',NULL,'1369872830','2018-09-25 07:04:23','2018-09-25 07:04:23'),(623,'10','Belinda','Marecha','99b21eea5bd6df694247ae6ae769bc10c8719af5.jpg','1','67-164960-Q-12','','Chaplin',NULL,'0784023390','2000-06-02','20','Female',NULL,'4722828373','2018-09-25 07:11:56','2018-09-25 07:11:56'),(624,'10','Asiyatu','Takabeli','0a143cb88a8b07a5998b15d94cecab0deb441080.jpg','1','75-490400-G-75','','Chaplin',NULL,'0779637952','1996-08-15','20','Female',NULL,'8493565523','2018-09-25 07:14:00','2018-09-25 07:14:00'),(625,'10','Violet','Mahara','9526a5dde9855b972f37e5f22fa138cef84ec549.jpg','1','58-319031-A-58','','Chaplin',NULL,'0776060313','1999-08-21','20','Female',NULL,'7537928804','2018-09-25 07:16:03','2018-09-25 07:16:03'),(626,'10','Esnath','Ndhlovu','6910d200aa0f462bf75686a3ef8d2ff9e11cd796.jpg','1','58-324525-X-58','','Chaplin',NULL,'0771594642','2000-04-01','20','Female',NULL,'7732828654','2018-09-25 07:20:44','2018-09-25 07:20:44'),(627,'10','Anesu','Mugwagwa','3edbf8bd7f8fa0745b28cd70ed35ad41efae5b04.jpg','1','29-2049102-A-12','','Chaplin',NULL,'0772535186','1999-07-04','20','Female',NULL,'5710637992','2018-09-25 07:23:26','2018-09-25 07:23:26'),(628,'10','Memory','Hove','efd0b1a20dc700b629caf824d165237f404f0c5d.jpg','1','67-173002-G-03','','Chaplin',NULL,'0775151949','2001-09-11','20','Female',NULL,'1453486036','2018-09-25 07:26:46','2018-09-25 07:26:46'),(629,'10','Grace','Miti','42c09e86427b411c0a810e54c7ebf5da9ca4d12e.jpg','1','67-165139-K-67','','Chaplin',NULL,'0776971094','2000-10-13','20','Female',NULL,'9370391405','2018-09-25 07:34:35','2018-09-25 07:34:35'),(630,'10','Jane','Phiri','e430df413e6c418fce9a2f6bf4c75966092ef021.jpg','1','67-161968-N-67','','Chaplin',NULL,'0782418334','1999-11-24','20','Female',NULL,'3467831336','2018-09-25 07:51:00','2018-09-25 07:51:00'),(631,'10','Edna','Ndlovu','5b59c7d5d69e87267d456d3a672c8439766af7e6.jpg','1','58-2051169-N-24','','Chaplin',NULL,'0771172750','2000-07-03','20','Female',NULL,'1653852716','2018-09-25 07:53:47','2018-09-25 07:53:47'),(632,'10','Blessing','Tayi','1f2f83d61086bd187450f253e131724c9e3273e9.jpg','1','29-2054253-Z-18','','Chaplin',NULL,'0785672320','1996-06-05','20','Female',NULL,'1069040285','2018-09-25 07:58:46','2018-09-25 07:58:46'),(633,'16','Zvidzai','Zvidzai','01e34c5662da8b741716c814c1eb64f2f3605bf2.jpg','9','22-155590-M-12','zzvidzai@yahoo.com','3075 Entumbane \r\nBulawayo',NULL,'0772745383','1975-03-16','9','Male',NULL,'5854667964','2018-09-25 12:13:24','2018-09-25 12:13:24'),(634,'15','Brian Tinotenda','Chikoore','46737c0d4451db3aae5ce2f8be54c1fbb23e17de.jpg','1','63-2081701-B-48','','I Borrowdale Road ,Harare',NULL,'0774110001','1998-11-06','21','Male',NULL,'3598802455','2018-09-26 08:39:32','2018-09-26 08:39:32'),(635,'15','Aubrey','Chitemamuswe','555660762567d247dbe435231dc79dff227f2e19.jpg','1','48-160478-V-48','','1 Borrowdale road,Harare',NULL,'0732095180','1997-08-06','21','Male',NULL,'1358987949','2018-09-26 08:42:55','2018-09-26 08:42:55'),(636,'15','Graciano Farai','Karikoga','ea7014dda49c0578fd04bffd6b2247e37f02c565.jpg','1','14-2004723-J-12','','1 Borrowdale.Road ,Harare',NULL,'0772188254','1998-12-07','21','Male',NULL,'8773416262','2018-09-26 08:46:21','2018-09-26 08:46:21'),(637,'15','Nkanyiso Andile','Ndlovu','d11ebfc9e267c969334f30ab135a4fb4fcf12559.jpg','1','08-2138460-J-28','','1 Borrodale Road ,Harare',NULL,'0772155455','1997-12-20','21','Male',NULL,'5689726107','2018-09-26 08:49:18','2018-09-26 08:49:18'),(638,'15','Panashe','Chevera','4f28bac7226a6c26ee2d8b1d9c3e1a5b79c54265.jpg','1','42-292921-Q-42','','1 Borrowdale road,Harare',NULL,'0778995665','1998-06-26','21','Male',NULL,'2347111227','2018-09-26 08:52:14','2018-09-26 08:52:14'),(639,'15','Wilmore Takudzwa','Nemharira','4d25ec5c6e9e05f5c74b606d1e5e1e37f87b796a.jpg','1','24-226079-T-04','','1 Borrowdale Road ,Harare',NULL,'0784332665','1999-05-05','21','Male',NULL,'6049039674','2018-09-26 08:55:11','2018-09-26 08:55:11'),(640,'15','Mellisa','Makwengwe','25e3607bd42fa791e8a256124bc31cde33956427.jpg','1','70-283123-Y-38','','1 Borrowdale Road,Harare',NULL,'0785336584','1996-05-31','1','Female',NULL,'2976853318','2018-09-26 08:58:33','2018-09-26 08:58:33'),(641,'15','Tafadzwa','Chimuti','e228db83ed2cd184e8495ec3f63d261e3914990c.jpg','1','29-309641-E-12','','1 Borrowdale Road,Harare',NULL,'0774964773','1997-07-17','1','Female',NULL,'2979577252','2018-09-26 09:00:35','2018-09-26 09:00:35'),(642,'15','Faith Takudzwa','Mademutsa','b2dbad0e9bd2de04278d800906950dc64269740d.jpg','1','63-2037361-F-34','','1 Borrowdale Road,Harare',NULL,'0784558996','1998-01-19','21','Female',NULL,'5672261417','2018-09-26 09:04:04','2018-09-26 09:04:04'),(643,'15','Chidochashe T','Chanana','ee474c7a493c7aa69be40190cf767e25d0d67399.jpg','1','24-205200-Z-83','','1Borrowdale Road,Harare',NULL,'0771225448','1996-02-21','21','Female',NULL,'2060045528','2018-09-26 09:06:16','2018-09-26 09:06:16'),(644,'15','Shingai Thandeka','Nkomo','457730bdff95fe9a7bea2dfd9f8794d4be2b1991.jpg','1','59-183194-H-58','','1 Borrowdale Road,Harare',NULL,'0778558997','1997-08-04','21','Female',NULL,'9539307299','2018-09-26 09:08:47','2018-09-26 09:08:47'),(645,'15','Chiedza Plaxcedes','Chato','8e134ecaad807e616432a9913be9a9e52d3a4ab7.jpg','1','23-134168-J-77','','1 Borrowdale Road, Harare',NULL,'0777665325','1996-08-11','19','Female',NULL,'2016879786','2018-09-26 09:11:05','2018-09-26 09:11:05'),(646,'15','Meloncia','Vambe','4c00286820c2b6af45a09512d029ad134531336a.jpg','1','68-092823-M-68','','1 Borrowdale Raod,Harare',NULL,'0733885669','1996-10-11','19','Female',NULL,'3511369923','2018-09-26 09:13:53','2018-09-26 09:13:53'),(647,'15','Sharai Viola','Tunhira','39331cee5aaf1020d67664a053973462687f6409.jpg','1','38-225777-G-38','','1 Borrowdale Road ,Harare',NULL,'0736998658','1997-07-26','19','Female',NULL,'4355342901','2018-09-26 09:18:32','2018-09-26 09:18:32'),(648,'15','Renaissance','Chabhanga','199fc7ba3b38482b22c31a5f19e5f8e6927c64a5.jpg','1','63-2301549-R-27','','1 Borrowdale Road,Harare',NULL,'0735885695','1997-02-02','2','Male',NULL,'9024978240','2018-09-26 09:22:23','2018-09-26 09:22:23'),(649,'15','Tinashe','Manzonza','22976f2d20a9848f4937b72a4db1b8a4c84b99e8.jpg','1','22-309163-W-22','','1 Borrowdale Road,Harare',NULL,'0712854635','1997-02-26','2','Male',NULL,'7347071737','2018-09-26 09:24:20','2018-09-26 09:24:20'),(650,'15','Brighton Ngonidzashe','Maworera','c03eaacc3a555ed1c46560ca758e24ffd6b0f819.jpg','1','47-201263-V-47','','1Borrowdale Road,Harare',NULL,'0715858965','1997-12-08','2','Male',NULL,'7070378837','2018-09-26 09:26:45','2018-09-26 09:26:45'),(651,'15','Mthandazo  Mengezi','Ncube','3cf966f322c5f9442deb9240cea9c75b72da96a4.jpg','1','08-2154239-K-41','','1 Borowdale Road ,Harare',NULL,'0713968452','1997-12-30','2','Male',NULL,'7962517858','2018-09-26 09:29:21','2018-09-26 09:29:21'),(652,'15','Gilbert MCdonald','Mashingaidze','8b5754ee4f3badf9ed77531dc62d6c83e45b7d6b.jpg','1','63-2034993-G-38','','1 Borrowdale Road ,Harare',NULL,'0712369857','1997-09-08','2','Male',NULL,'7888936092','2018-09-26 09:32:34','2018-09-26 09:32:34'),(653,'15','Veally','Rice','b7fc83806f8c57e6d53f3a33db16040f449927bb.jpg','1','63-2001637-A-48','','1 Borrowdale Road ,Harare',NULL,'0777632291','1997-03-04','2','Male',NULL,'1965155155','2018-09-26 09:35:28','2018-09-26 09:35:28'),(654,'15','Tererai','Jinjika','878b583294e2b254c32fd0e29dcf5a6b7f81a659.jpg','1','04-183504-L-04','','1 Borrowdale Road ,Harare',NULL,'0732859685','1996-08-02','2','Male',NULL,'3320422235','2018-09-26 09:37:16','2018-09-26 09:37:16'),(655,'15','Lloyd','Nyausopo','65a7d7f8b27ad7b34113d5ec170125fb4f481ddc.jpg','1','03-166870-Z-43','','1 Borrowdale Road ,Harare',NULL,'0778968365','1996-03-23','2','Male',NULL,'6843616843','2018-09-26 09:38:55','2018-09-26 09:38:55'),(656,'15','Brighton','Chikwari','145cc8afc44803c49f69e4beadcc5bef95487b50.jpg','1','70-290042-T-13','','1 Borrowdale Road ,Harare',NULL,'0771325686','1996-08-06','2','Male',NULL,'9010366775','2018-09-26 09:40:42','2018-09-26 09:40:42'),(657,'4','NOMATTER','KAPFUDZARUWA','299f01b80f974bb77acb74b09f01ed1e3d4f8bab.jpg','1','61-2002180K61','','BUSE BOX 1020 BINDURA',NULL,'0776542092','1998-12-09','8','Female',NULL,'4863300741','2018-09-26 11:32:26','2018-09-26 11:32:26'),(658,'4','PRAISE','CHITUNGO','c1a734e8a69b3842db604dc727587b740a15242b.jpg','1','05-2011893Q05','','BUSE BOX 1020 BINDURA',NULL,'0772283341','1999-02-22','17','Female',NULL,'6287808689','2018-09-26 11:34:47','2018-09-26 11:34:47'),(659,'4','COLLINS','RONGOTI','40b4e1f2a92a92a933016916939fe0afccd55a27.jpg','2','63-1439385G63','wrongcourtct@gmail.com','300 ANTHONY AVENUE BINDURA',NULL,'0773667926','1985-03-02','6','Male',NULL,'7274248006','2018-09-26 11:39:33','2018-09-26 11:39:33'),(660,'15','Sue R','Tsveture','ab7d8bd77d214b9be593f2f3d89bff6966e23f34.jpg','1','63-1583004-P-18','','1 Borrowdale Road ,Harare',NULL,'0785363985','1996-04-13','8','Female',NULL,'2742265745','2018-09-26 14:32:25','2018-09-26 14:32:25'),(661,'15','Anisha','Zhou','d56e4cd97e1b65386938522b48dcd54937bdf6bb.jpg','1','23-131816-C-23','','1 Borrowdale Road,Harare',NULL,'0775686995','1997-10-22','8','Female',NULL,'5195333292','2018-09-26 14:34:12','2018-09-26 14:34:12'),(662,'14','Isiah T','Sabwe','91d663d58a29ca0d1beb1f00d2af7bc9647440c4.jpg','7','63-516599-F-63','itsabwe@gmail.com','Magamba VTC\r\nMutare',NULL,'0774031881','1966-03-01','9','Male',NULL,'5946559599','2018-09-27 20:53:15','2018-09-27 20:53:15'),(663,'14','Tonderai','Taderera','49d99eb18aa84032df191c65db28d319df0547a6.jpg','7','63-930496-T-18','','Min of Youth \r\nMukwati building',NULL,'0776033586','1976-08-08','9','Male',NULL,'5433819962','2018-09-27 20:58:57','2018-09-27 20:58:57');
/*!40000 ALTER TABLE `members` ENABLE KEYS */;
UNLOCK TABLES;

--
-- Table structure for table `migrations`
--

DROP TABLE IF EXISTS `migrations`;
/*!40101 SET @saved_cs_client     = @@character_set_client */;
/*!40101 SET character_set_client = utf8 */;
CREATE TABLE `migrations` (
  `id` int(10) unsigned NOT NULL AUTO_INCREMENT,
  `migration` varchar(255) COLLATE utf8mb4_unicode_ci NOT NULL,
  `batch` int(11) NOT NULL,
  PRIMARY KEY (`id`)
) ENGINE=InnoDB AUTO_INCREMENT=14 DEFAULT CHARSET=utf8mb4 COLLATE=utf8mb4_unicode_ci;
/*!40101 SET character_set_client = @saved_cs_client */;

--
-- Dumping data for table `migrations`
--

LOCK TABLES `migrations` WRITE;
/*!40000 ALTER TABLE `migrations` DISABLE KEYS */;
INSERT INTO `migrations` VALUES (1,'2014_10_12_000000_create_users_table',1),(2,'2014_10_12_100000_create_password_resets_table',1),(3,'2016_06_01_000001_create_oauth_auth_codes_table',1),(4,'2016_06_01_000002_create_oauth_access_tokens_table',1),(5,'2016_06_01_000003_create_oauth_refresh_tokens_table',1),(6,'2016_06_01_000004_create_oauth_clients_table',1),(7,'2016_06_01_000005_create_oauth_personal_access_clients_table',1),(8,'2018_06_26_095026_create_members_table',2),(9,'2018_06_26_150924_create_designation_table',3),(10,'2018_06_26_155639_create_provinces_table',4),(11,'2018_06_27_160936_create_sports_table',5),(12,'2018_07_04_092126_create_rules_table',6),(13,'2018_08_09_124817_create_jobs_table',7);
/*!40000 ALTER TABLE `migrations` ENABLE KEYS */;
UNLOCK TABLES;

--
-- Table structure for table `oauth_access_tokens`
--

DROP TABLE IF EXISTS `oauth_access_tokens`;
/*!40101 SET @saved_cs_client     = @@character_set_client */;
/*!40101 SET character_set_client = utf8 */;
CREATE TABLE `oauth_access_tokens` (
  `id` varchar(100) COLLATE utf8mb4_unicode_ci NOT NULL,
  `user_id` int(11) DEFAULT NULL,
  `client_id` int(11) NOT NULL,
  `name` varchar(255) COLLATE utf8mb4_unicode_ci DEFAULT NULL,
  `scopes` text COLLATE utf8mb4_unicode_ci,
  `revoked` tinyint(1) NOT NULL,
  `created_at` timestamp NULL DEFAULT NULL,
  `updated_at` timestamp NULL DEFAULT NULL,
  `expires_at` datetime DEFAULT NULL,
  PRIMARY KEY (`id`),
  KEY `oauth_access_tokens_user_id_index` (`user_id`)
) ENGINE=InnoDB DEFAULT CHARSET=utf8mb4 COLLATE=utf8mb4_unicode_ci;
/*!40101 SET character_set_client = @saved_cs_client */;

--
-- Dumping data for table `oauth_access_tokens`
--

LOCK TABLES `oauth_access_tokens` WRITE;
/*!40000 ALTER TABLE `oauth_access_tokens` DISABLE KEYS */;
/*!40000 ALTER TABLE `oauth_access_tokens` ENABLE KEYS */;
UNLOCK TABLES;

--
-- Table structure for table `oauth_auth_codes`
--

DROP TABLE IF EXISTS `oauth_auth_codes`;
/*!40101 SET @saved_cs_client     = @@character_set_client */;
/*!40101 SET character_set_client = utf8 */;
CREATE TABLE `oauth_auth_codes` (
  `id` varchar(100) COLLATE utf8mb4_unicode_ci NOT NULL,
  `user_id` int(11) NOT NULL,
  `client_id` int(11) NOT NULL,
  `scopes` text COLLATE utf8mb4_unicode_ci,
  `revoked` tinyint(1) NOT NULL,
  `expires_at` datetime DEFAULT NULL,
  PRIMARY KEY (`id`)
) ENGINE=InnoDB DEFAULT CHARSET=utf8mb4 COLLATE=utf8mb4_unicode_ci;
/*!40101 SET character_set_client = @saved_cs_client */;

--
-- Dumping data for table `oauth_auth_codes`
--

LOCK TABLES `oauth_auth_codes` WRITE;
/*!40000 ALTER TABLE `oauth_auth_codes` DISABLE KEYS */;
/*!40000 ALTER TABLE `oauth_auth_codes` ENABLE KEYS */;
UNLOCK TABLES;

--
-- Table structure for table `oauth_clients`
--

DROP TABLE IF EXISTS `oauth_clients`;
/*!40101 SET @saved_cs_client     = @@character_set_client */;
/*!40101 SET character_set_client = utf8 */;
CREATE TABLE `oauth_clients` (
  `id` int(10) unsigned NOT NULL AUTO_INCREMENT,
  `user_id` int(11) DEFAULT NULL,
  `name` varchar(255) COLLATE utf8mb4_unicode_ci NOT NULL,
  `secret` varchar(100) COLLATE utf8mb4_unicode_ci NOT NULL,
  `redirect` text COLLATE utf8mb4_unicode_ci NOT NULL,
  `personal_access_client` tinyint(1) NOT NULL,
  `password_client` tinyint(1) NOT NULL,
  `revoked` tinyint(1) NOT NULL,
  `created_at` timestamp NULL DEFAULT NULL,
  `updated_at` timestamp NULL DEFAULT NULL,
  PRIMARY KEY (`id`),
  KEY `oauth_clients_user_id_index` (`user_id`)
) ENGINE=InnoDB AUTO_INCREMENT=2 DEFAULT CHARSET=utf8mb4 COLLATE=utf8mb4_unicode_ci;
/*!40101 SET character_set_client = @saved_cs_client */;

--
-- Dumping data for table `oauth_clients`
--

LOCK TABLES `oauth_clients` WRITE;
/*!40000 ALTER TABLE `oauth_clients` DISABLE KEYS */;
INSERT INTO `oauth_clients` VALUES (1,1,'android','UBVMiM6qz1EUkahsRWG7S3rEOW7RPImp47alIiOj','/dump',0,0,0,'2018-06-27 14:45:27','2018-06-27 14:45:27');
/*!40000 ALTER TABLE `oauth_clients` ENABLE KEYS */;
UNLOCK TABLES;

--
-- Table structure for table `oauth_personal_access_clients`
--

DROP TABLE IF EXISTS `oauth_personal_access_clients`;
/*!40101 SET @saved_cs_client     = @@character_set_client */;
/*!40101 SET character_set_client = utf8 */;
CREATE TABLE `oauth_personal_access_clients` (
  `id` int(10) unsigned NOT NULL AUTO_INCREMENT,
  `client_id` int(11) NOT NULL,
  `created_at` timestamp NULL DEFAULT NULL,
  `updated_at` timestamp NULL DEFAULT NULL,
  PRIMARY KEY (`id`),
  KEY `oauth_personal_access_clients_client_id_index` (`client_id`)
) ENGINE=InnoDB DEFAULT CHARSET=utf8mb4 COLLATE=utf8mb4_unicode_ci;
/*!40101 SET character_set_client = @saved_cs_client */;

--
-- Dumping data for table `oauth_personal_access_clients`
--

LOCK TABLES `oauth_personal_access_clients` WRITE;
/*!40000 ALTER TABLE `oauth_personal_access_clients` DISABLE KEYS */;
/*!40000 ALTER TABLE `oauth_personal_access_clients` ENABLE KEYS */;
UNLOCK TABLES;

--
-- Table structure for table `oauth_refresh_tokens`
--

DROP TABLE IF EXISTS `oauth_refresh_tokens`;
/*!40101 SET @saved_cs_client     = @@character_set_client */;
/*!40101 SET character_set_client = utf8 */;
CREATE TABLE `oauth_refresh_tokens` (
  `id` varchar(100) COLLATE utf8mb4_unicode_ci NOT NULL,
  `access_token_id` varchar(100) COLLATE utf8mb4_unicode_ci NOT NULL,
  `revoked` tinyint(1) NOT NULL,
  `expires_at` datetime DEFAULT NULL,
  PRIMARY KEY (`id`),
  KEY `oauth_refresh_tokens_access_token_id_index` (`access_token_id`)
) ENGINE=InnoDB DEFAULT CHARSET=utf8mb4 COLLATE=utf8mb4_unicode_ci;
/*!40101 SET character_set_client = @saved_cs_client */;

--
-- Dumping data for table `oauth_refresh_tokens`
--

LOCK TABLES `oauth_refresh_tokens` WRITE;
/*!40000 ALTER TABLE `oauth_refresh_tokens` DISABLE KEYS */;
/*!40000 ALTER TABLE `oauth_refresh_tokens` ENABLE KEYS */;
UNLOCK TABLES;

--
-- Table structure for table `password_resets`
--

DROP TABLE IF EXISTS `password_resets`;
/*!40101 SET @saved_cs_client     = @@character_set_client */;
/*!40101 SET character_set_client = utf8 */;
CREATE TABLE `password_resets` (
  `email` varchar(255) COLLATE utf8mb4_unicode_ci NOT NULL,
  `token` varchar(255) COLLATE utf8mb4_unicode_ci NOT NULL,
  `created_at` timestamp NULL DEFAULT NULL,
  KEY `password_resets_email_index` (`email`)
) ENGINE=InnoDB DEFAULT CHARSET=utf8mb4 COLLATE=utf8mb4_unicode_ci;
/*!40101 SET character_set_client = @saved_cs_client */;

--
-- Dumping data for table `password_resets`
--

LOCK TABLES `password_resets` WRITE;
/*!40000 ALTER TABLE `password_resets` DISABLE KEYS */;
INSERT INTO `password_resets` VALUES ('rebeccadube.mg@gmail.com','$2y$10$Ku30ZTkdpdjDU/.IvaSSueaoFVLuhUKTHCYLKgN85wGIQScitd.BG','2018-06-28 13:48:33'),('mashokoblessing@gmail.com','$2y$10$doZCSPAJf2N8HXOB2iC3Me9PquorPwCrUOqtjCPv2fevJq7nHKrt.','2018-07-03 14:13:22'),('bmashcom@hotmail.com','$2y$10$V./QlpugNMTAOY2CycvBDuDh5uoy4sf44558MHtbmqahGOFwUxCJa','2018-07-17 14:08:41'),('nyabangam3@gmail.com','$2y$10$3F6tjnYXUdSTnP.B7UgrNumv4WUYMgaSvjBf9bgQqvKjIIVSS77Yq','2018-07-19 11:49:58'),('mutodzae@gwerupoly.ac.zw','$2y$10$AREFn995pjSspKbsINbnxeX8zLI/i24jaBQLMvk0cqR3RcoJOMLAK','2018-08-03 09:24:41'),('talentfanrong@icloud.com','$2y$10$S/b9dSFdm5BCb1kwyvRWJOp/RUBCy/qpSUOq2xouJZ2iyfq5O8DSa','2018-08-08 11:57:12'),('tashachkandiwa@gmail.com','$2y$10$bdr64jOZT6JJdizDoMNizuhupdUCv0OeAdZ0ALkLE6HkADNs/cHf.','2018-08-08 12:49:54'),('chikandiwao@gwerupoly.ac.zw','$2y$10$opT6c4tGOZp97vRImdFXuOgdZh0wiXaAXcy7s1zTlIJhDxxs3wWbu','2018-09-18 10:09:39'),('muchavakab@gmail.com','$2y$10$7/mH9l007ml2ybTJkwBjJegSirsjAEypam8j/mvnA2qOAA1BhHlZ2','2018-09-18 10:23:37');
/*!40000 ALTER TABLE `password_resets` ENABLE KEYS */;
UNLOCK TABLES;

--
-- Table structure for table `provinces`
--

DROP TABLE IF EXISTS `provinces`;
/*!40101 SET @saved_cs_client     = @@character_set_client */;
/*!40101 SET character_set_client = utf8 */;
CREATE TABLE `provinces` (
  `id` int(10) unsigned NOT NULL AUTO_INCREMENT,
  `name` varchar(255) COLLATE utf8mb4_unicode_ci NOT NULL,
  PRIMARY KEY (`id`),
  UNIQUE KEY `provinces_name_unique` (`name`)
) ENGINE=InnoDB AUTO_INCREMENT=20 DEFAULT CHARSET=utf8mb4 COLLATE=utf8mb4_unicode_ci;
/*!40101 SET character_set_client = @saved_cs_client */;

--
-- Dumping data for table `provinces`
--

LOCK TABLES `provinces` WRITE;
/*!40000 ALTER TABLE `provinces` DISABLE KEYS */;
INSERT INTO `provinces` VALUES (15,'Agriculture Colleges'),(1,'Bulawayo'),(2,'Harare'),(3,'Manicaland'),(4,'Mashonaland Central'),(5,'Mashonaland East'),(6,'Mashonaland West'),(7,'Masvingo'),(9,'Matebeleland North'),(8,'Matebeleland South'),(10,'Midlands'),(18,'TESAZ'),(14,'Vocational Colleges'),(11,'Zimbabwe National Army'),(13,'Zimbabwe Prison Services'),(12,'Zimbabwe Republic Police'),(16,'ZITCOSA'),(17,'ZITSU'),(19,'ZUSA');
/*!40000 ALTER TABLE `provinces` ENABLE KEYS */;
UNLOCK TABLES;

--
-- Table structure for table `rules`
--

DROP TABLE IF EXISTS `rules`;
/*!40101 SET @saved_cs_client     = @@character_set_client */;
/*!40101 SET character_set_client = utf8 */;
CREATE TABLE `rules` (
  `id` int(10) unsigned NOT NULL AUTO_INCREMENT,
  `sport_id` int(10) DEFAULT NULL,
  `rules` varchar(250) COLLATE utf8mb4_unicode_ci DEFAULT NULL,
  `category` varchar(250) COLLATE utf8mb4_unicode_ci DEFAULT NULL,
  `male` varchar(250) COLLATE utf8mb4_unicode_ci DEFAULT NULL,
  `female` varchar(250) COLLATE utf8mb4_unicode_ci DEFAULT NULL,
  `updated_at` timestamp NULL DEFAULT NULL,
  `created_at` timestamp NULL DEFAULT NULL,
  PRIMARY KEY (`id`)
) ENGINE=InnoDB AUTO_INCREMENT=13 DEFAULT CHARSET=utf8mb4 COLLATE=utf8mb4_unicode_ci;
/*!40101 SET character_set_client = @saved_cs_client */;

--
-- Dumping data for table `rules`
--

LOCK TABLES `rules` WRITE;
/*!40000 ALTER TABLE `rules` DISABLE KEYS */;
/*!40000 ALTER TABLE `rules` ENABLE KEYS */;
UNLOCK TABLES;

--
-- Table structure for table `sports`
--

DROP TABLE IF EXISTS `sports`;
/*!40101 SET @saved_cs_client     = @@character_set_client */;
/*!40101 SET character_set_client = utf8 */;
CREATE TABLE `sports` (
  `id` int(10) unsigned NOT NULL AUTO_INCREMENT,
  `name` text COLLATE utf8mb4_unicode_ci NOT NULL,
  PRIMARY KEY (`id`)
) ENGINE=InnoDB AUTO_INCREMENT=25 DEFAULT CHARSET=utf8mb4 COLLATE=utf8mb4_unicode_ci;
/*!40101 SET character_set_client = @saved_cs_client */;

--
-- Dumping data for table `sports`
--

LOCK TABLES `sports` WRITE;
/*!40000 ALTER TABLE `sports` DISABLE KEYS */;
INSERT INTO `sports` VALUES (1,'Chess'),(2,'Football'),(3,'Cricket'),(4,'Pool'),(5,'Hockey'),(6,'Tennis'),(7,'Rugby'),(8,'Athletics'),(9,'None'),(10,'VI Athletics'),(11,'IC Athletics'),(12,'Athletics Amputees'),(13,'Goal Ball'),(14,'Football 5 Aside'),(15,'Football 11 Aside (H1)'),(16,'Wheel Chair Tennis'),(17,'Basketball'),(18,'Boxing'),(19,'Netball'),(20,'Handball'),(21,'Volleyball'),(22,'Darts'),(23,'H1 Netball'),(24,'Karate');
/*!40000 ALTER TABLE `sports` ENABLE KEYS */;
UNLOCK TABLES;

--
-- Table structure for table `users`
--

DROP TABLE IF EXISTS `users`;
/*!40101 SET @saved_cs_client     = @@character_set_client */;
/*!40101 SET character_set_client = utf8 */;
CREATE TABLE `users` (
  `id` int(10) unsigned NOT NULL AUTO_INCREMENT,
  `name` varchar(255) COLLATE utf8mb4_unicode_ci NOT NULL,
  `email` varchar(255) COLLATE utf8mb4_unicode_ci NOT NULL,
  `password` varchar(255) COLLATE utf8mb4_unicode_ci NOT NULL,
  `remember_token` varchar(100) COLLATE utf8mb4_unicode_ci DEFAULT NULL,
  `created_at` timestamp NULL DEFAULT NULL,
  `province_id` varchar(255) COLLATE utf8mb4_unicode_ci NOT NULL,
  `is_active` int(11) NOT NULL DEFAULT '1',
  `access_level` int(11) NOT NULL DEFAULT '2',
  `updated_at` timestamp NULL DEFAULT NULL,
  PRIMARY KEY (`id`),
  UNIQUE KEY `users_email_unique` (`email`)
) ENGINE=InnoDB AUTO_INCREMENT=87 DEFAULT CHARSET=utf8mb4 COLLATE=utf8mb4_unicode_ci;
/*!40101 SET character_set_client = @saved_cs_client */;

--
-- Dumping data for table `users`
--

LOCK TABLES `users` WRITE;
/*!40000 ALTER TABLE `users` DISABLE KEYS */;
INSERT INTO `users` VALUES (8,'Blessing Mashoko','bmashcom@hotmail.com','$2y$10$lj94ubJZR1bhTPGkNrFOu.QJBwHWydB0z3PCH1/lWpyVy.RS4pEb6','wo7Z2h8d7kTCJPU5XJxRNrVSUY2p9SkHjdMlgwiGrwBMTfIhtSY1tQJZf8VX','2018-06-28 14:54:26','1',1,1,'2018-08-09 07:18:11'),(9,'Rebecca Dube','rebeccadube.mg@gmail.com','$2y$10$AequlYa1/hiIthK/9AjYSOdk1frCBwD1ZZBbgAOitWEoul6lGC/3O','OGEVi5jXlj3VgdMC5MOD1Quro4fuEM6vNLPNYmP4jHuJxSr3flq6mM6cimt5','2018-06-28 12:57:25','1',1,1,'2018-08-16 12:41:23'),(10,'Gabriel Mhumha','pach.midlands@gmail.com','$2y$10$n52osX7cHgHriN5rp6Sme.guhhdIPCwG0d5x/xCBv5IbfQtTwpbYu','SrTiMHf4xjCUfKYx8hwmrhOlfraTz596Lt0WcumpZ2av0sEUZMRRg0Wp2bTz','2018-07-03 09:58:37','6',1,3,'2018-07-03 10:03:02'),(29,'Janet A Chingwena','janetchingwena@gmail.com','$2y$10$DAeTYkc.umkVi3i3ZmKEieBgRardzPXKdCqpx9S0ZQJGbJloYdvJ2','WNX1AExs34hAwpdF5keV8WPK5GIWDBf6QH0R0X60eK2Hh2PxCD0G1i3CGCQu','2018-07-18 10:54:58','1',1,3,'2018-07-18 10:54:58'),(30,'Paul Maketa','maketa.p@gwerupoly.ac.zw','$2y$10$9jE.q4iqYtbqr/Z5ZFVmDOfIIZhhlRiLuCtXbC9Dy8uzOIhxIbWOG','nZ9q6UBbT4YTefO4m2rpdGsWnUhWCrPxTybHEA1i542i8IEEoZ3r134jX66X','2018-07-18 11:36:16','1',1,1,'2018-08-03 07:38:33'),(31,'Morgan Tandavara','mtandavara1@gmail.com','$2y$10$zmyk4k2o6fzOSYwNmgbYsuBa5fyn7RWSeVdICl04Mi0CaqPdFOmYS','v1tLcGSWsGGLRpRfgRu4PpESmm1Dv3RcXeNzloHXXW1qzzfQQllialzEFpQz','2018-07-18 14:57:24','1',1,1,'2018-08-03 06:12:41'),(32,'Bechani Beyond','bechanibk@gmail.com','$2y$10$AZrK9SIcu/bJKlwyBgGUfODlXxw0I8wOoBpr8P3gsRA48d5LCHI6W','1SmRxzXkXPTkt3VRQIP3nRbOhpvur889XF19CICs85wV7QKmth0TEWvTnmnJ','2018-07-19 06:14:08','1',1,3,'2018-08-03 09:05:24'),(33,'Nyabanga Michael','nyabangam3@gmail.com','$2y$10$WM6dfMBqCnF0qkAMu0U4ZeMVIfKwL6rQs1A06Xzx9AfE7vnoZ6xgW','kWOpBLHTizWGrFMdnddLNbGWA1NZirUjaEd7qQCm0F3Z32P3EJ4eRrLIuEBM','2018-07-19 06:15:11','1',1,3,'2018-08-07 10:35:56'),(34,'Chidume Edwin Masvingo Kwashira','emkchidume@gmail.com','$2y$10$JrnA/me55DRdIj/cx9A4P.nDLJXBYh5anxdzcdPxkelzZJpXw7/Se',NULL,'2018-07-19 06:17:10','1',1,3,'2018-07-19 06:17:10'),(35,'Shammah Zvinowanda','shammahthomas85@gmail.com','$2y$10$hlrWMZ1thX3Pt.hKi9/6.OlGqL5hUDVSm8skLj8gYUvLGGEqcFVzq','g7tQTapY20iuNwuaohFYBPogQ6dUNEnUcD9xBS7Ttd77RsCDtiPncCxPU0K4','2018-07-19 08:10:24','1',1,3,'2018-08-03 09:06:40'),(36,'harare','hararetest@gmail.com','$2y$10$JF/HFIqRTXYHnXI/Px9dBOAbDI4hermqHTCJpFBcZ0KiwuiOKXlZe',NULL,'2018-07-19 08:26:45','2',1,3,'2018-07-19 08:26:45'),(37,'Sakala Brian','sakalab@gwerupoly.ac.zw','$2y$10$GA19WCMGqfUyZa6wPKZpcOuwGtyRK6fVIojSvKRQLvCx7NltxF78i','vOZfkV4QEs83u31IwqL37lJ41fwOdxhLrCvos5tabjoqsV79C2svpvFXXh7f','2018-08-03 09:08:55','10',1,3,'2018-08-03 09:10:03'),(38,'Towo Tinotenda','towotino@gwerupoly.ac.zw','$2y$10$htoUNBT0xIWVvnYm6opTTuE57RDrQUGHxwlKxeX/wY.6F8FsDsjlG','xFfZGBPRyzKPhJY1sBKsGKFe1PhiyPjF5A321hrlYyUCwJgCCyaSAu2zmTwV','2018-08-03 09:16:30','10',1,3,'2018-08-03 09:17:13'),(39,'Choga Rabecca','rebecca@gmail.com','$2y$10$UauJB2WUGfIeVusOVu.vLOetVGU6eonR.TOXJhs0zX/Wum6UPFdk2','L56twKCHjKuEJAXQ8wVh5teuZWJ7CJorftikp4PAUHI9haV6aVtjHp4Mx5zD','2018-08-03 09:16:37','10',1,3,'2018-08-08 11:33:40'),(40,'Aaron Hove','aaronicpower@gmail.com','$2y$10$rS.VKqtwf8qVxiVs6cx/P.4oznBN90N3B2iKotNaJM4Ot3d3SM6ju','1x1yGiFNt9AC1bFLSCNoDxy3Sp0FnVFu62mdWOtiOhTV74iZrznIXYva9m85','2018-08-03 09:16:49','10',1,3,'2018-08-03 09:29:14'),(41,'Mandaza Prosper T','talentfanrong@icloud.com','$2y$10$O3EriSMgYU6I1Nnhpe/qZuHQnJBWjdhQVPENF48AQb9RZPSgkug.u','WXBVjeU4ajJw9mhN4H3o0aMnNcp4myyAlvJvzZ7RrVD3GIHnCnOwNZReIB4c','2018-08-03 09:17:24','10',0,3,'2018-08-08 12:16:44'),(42,'Sipiriano Janet','jsipiriano@gmail.com','$2y$10$R/ndvF3QopTuVDSrzrIhgOTMl05OE24LDUYjS5NzI5rcM5oM/7DHm','CUqRUeEk9JVvHicdn2hWdg2rDqxlxyvnWNDkLfW0BvYCSk3yFp47zVpQWoSc','2018-08-03 09:18:05','10',1,3,'2018-08-08 11:24:42'),(43,'Patrice Chaula','chaulapsx@gmail.com','$2y$10$HGS26Cbx9Dbu9sXsg4qTIeeoueaaHG.i04Bp4KRz.l1ndMLxFxTRC','VJJo6bMLtaxD8AFLOcPGXwm3DoxTLVmaIPfvgEql4Bu1BdngYejy1dadiAGe','2018-08-03 09:18:06','10',1,3,'2018-08-03 09:18:56'),(44,'Chimuchembere Memory','memoryjulz@gmail.com','$2y$10$CKHI7cwLaQBa.ujk0xcbfe6/RadjWkboV4gEap6ks/KPeoW5M0qxi','2hLLan6Q1zIcJbzBDxRxE4eN83XbMmzqS0ABOKeZbUNPTLc3cGmGdD9RiBxr','2018-08-03 09:18:18','1',1,3,'2018-08-15 07:18:23'),(45,'Chikandiwa Orpah','tashachkandiwa@gmail.com','$2y$10$s5ykYB2jeIM.klB6TuzLWO.A6eaBUAZ1ExboX2uAPa/0IakNTDvZu','x02afblfEgpctb5YjmaAvsA32SrbQ2s53PqVjePjL6BIU5oD5t0EbE0yTHvF','2018-08-03 09:18:41','1',1,3,'2018-08-08 12:47:52'),(46,'Maboyi Hardlife','maboyipn@gmail.com','$2y$10$jWKV63.CaP6S6K2fCqOesuJbXByq.9ZtkupvlKP94Iu1s.fo8VzBG','p9KtWUFlUvnxTTKyr99Cmp8eUqNOySDm1xeQs2XU38ZBPoNjkwsrbeTxmAWT','2018-08-03 09:18:57','10',1,3,'2018-08-03 09:26:24'),(47,'Mutodza Evangelister','mutodzae@gwerupoly.ac.zw','$2y$10$K2PgtRmOXEg06eHgHkJ4TOKV5YbLPedqNe2V.ueQ1vruOFnNKBuna','f7E6sXLlVInLbLLZ7DOPKSMz9EsjDNjXsLgw6lz8bWuboapfou0zOi8GdAZ3','2018-08-03 09:19:02','10',1,3,'2018-08-03 09:26:52'),(48,'Dliwayo Taurai','dhliwayotaurai@gmail.com','$2y$10$OpJI5PesPg7f7Dn3PRPPgOrfCXXqtoYG88i9kNfBfRaktgQph8ZFe','6BnkFxJPDE3zPalA3HTlG3UjqFcipYqpFaOTk1ReE9SP89B7hSunBnKPwD5n','2018-08-03 09:20:11','10',1,3,'2018-08-03 09:56:31'),(49,'Tewera Debra','tewelad@gmail.com','$2y$10$HvKcLjwORslZN9nGVWxAIesMenU05GawVxSratycsPMSYP7ZHd7Zm','7OXjujhdXNKPP5JvP37l0caFOK6ttdf4W13RRpXCGCN9JlURAdtMAK4jfB2m','2018-08-03 09:20:13','10',1,3,'2018-08-03 09:20:13'),(50,'Tsungai Shumbayaonda','tsungieshumbayaonda@gmail.com','$2y$10$31mjx63zZDkfBUqn0hYAMuwuVqI4HfDWVwp0brm2cnpaC0oBJqQ4a','ssfpprnAehm3tmhZhQ4X49pmVzsX7C2cU2EjD2dAStz0yehFtzgufR6DOQ1D','2018-08-03 09:34:43','10',1,3,'2018-08-03 09:39:35'),(51,'chimuchembere memory','memorychimuchembere@gmail.com','$2y$10$0tLGzcEyjDfTMlzu9PFbWeuTq3.CWDmDWwBFQ9lNeRnPcQvoo59GS','XTWWAL6BHFw4kRmnIQXNovB10ruwlwtQiOVNaTVyEINxNCyBuqiVCYo64YSv','2018-08-03 09:46:29','10',0,3,'2018-08-15 07:19:14'),(52,'Kamtinte Patrick','kamtintep@gwerupoly.ac.zw','$2y$10$GddsmQf440ZrL8fe4h94y.80cIELXXa3T/YtaIu6kMnSNtYHHqKvS','QrVlxAJLVjJx9GzupVaq1YRxBbI8vIPYdvwUvn7vCqHhFhiBEccJQJIpgZ7Q','2018-08-08 10:10:46','10',1,3,'2018-08-08 10:11:46'),(53,'Shiri Lindahrose','lindahroseshiri8@gmail.com','$2y$10$qIfXt2p/b/uLRmbF2uHce.XD7Y1DQNMgnelErwn90.gyerdrfZSUu','UkSkpkVkWdC0aUjGlD0zBRXYvcBGWHsEX7WzjCl64XVGgdQrMbBtglgBMEYD','2018-08-08 10:13:23','10',1,3,'2018-08-08 10:18:15'),(54,'Dhliwayo Thulani','tbeta707@gmail.com','$2y$10$QFW8X8Z4NZcDrYiWwa/8k.0Ym49DV0FNZ48v/mO7e55kuviZPZ0Wa','v5gOzmuJW4GuV8PEfdqzisOYVfY8xiVHMsBhqW1tseZWiANaxX9nVudrCFLC','2018-08-08 10:17:16','10',1,3,'2018-08-08 10:19:39'),(55,'Chikandiwa Orpah','chikandiwao@gwerupoly.ac.zw','$2y$10$iaWop7HvZdS0npEXx/jxJeF2wjZxAkgci2fbwUAbDiY8y8nOmOV0S',NULL,'2018-08-08 10:23:20','1',0,3,'2018-09-18 09:58:14'),(56,'Ndomboya Kudzai','ndomboyak@gwerupoly.ac.zw','$2y$10$YzU2htDNqgGuHXQVvKNKIO9cE/y4fYYcmdqAvtKZOYdreELSizR3.','XYbnJepi50chr5D0eIaXmMLrvkV0WAHV0JAG4eK4Qvn6wLzViJ43SoSQqH9V','2018-08-08 10:55:14','10',1,3,'2018-08-08 11:12:27'),(57,'Prosper Mandaza','talentfanrong99@gmail.com','$2y$10$siSz8oBsbFlTtemOfOj.LOKp5Qaw2azQRuioUil9QDywaTfCYklzy','MK09MmyeFhdYjg1Zy7wuJ2VohqMMyKMN6mp6jOzj59rcaDNefDYxaMFrAe5x','2018-08-08 12:26:14','10',1,3,'2018-08-08 12:37:21'),(58,'Govera John','goverajay@gmail.com','$2y$10$RO9z2LGa6R4d2qNpPtnxauyzi6P1.YBEMdPZUYhKmJgYtGKpGcWli','TlkFgioyF0YSqBsFRu3DjhpzetRGzxZQQjskhmXZOmYfldaaVHIRzhKJsNFs','2018-08-08 12:37:48','10',1,3,'2018-08-08 12:38:53'),(59,'Bethel Chatendeuka','bethkgaogelo@gmail.com','$2y$10$inJkjrNKxMwC3y0RzjPGMuWKjKaM2rJxujZ6qsCJTtT8BnBVIRVoS','ZVWJfHM6aSelaf1UGCCAW0ZNTfFf08QDW4Ydzz0yI3kPUobyEBMaaIkFbmne','2018-08-08 12:40:46','10',1,3,'2018-08-08 12:41:45'),(60,'Edith Sanyamandwe','edithsanyamandwe@gmail.com','$2y$10$DxijsGapRqQI1.1S3vuby.cAgv.EOUfO.HfSV7XnbHyoCW71u2OxC','pWega8Zieq487KgPUaxwhD2EUFtT0J6UAQ6IFDflD8Y8AbE9qK9o8R9PbaZE','2018-08-08 12:41:36','1',1,3,'2018-08-08 12:43:51'),(61,'Mwale Leonard','leodeemwale@gmail.com','$2y$10$nTOhT74LgZhTJMlbvjDIGOLNqMhSAG9WUdp.6l7bo4/oGFw.z.Soy','xjxlSgWLl2TfkeDDMsJsuAj7P42C32lhWSqCDJGjMzduugjMwU1XT1Pht2rq','2018-08-08 12:44:03','9',1,3,'2018-08-08 12:46:57'),(62,'Mupota Cazline M','muticaz@gmail.com','$2y$10$.REnYOBWLIRV84Ow4yPHD.4E.W/8oCA9BFnSTSiS3f/xgBaHq.h.S','xvOB6HTmQFaGfrOa21JOAeqK5engUP8ktErSVMOFselimP3sEveK7Dl2MaOA','2018-08-08 12:45:38','3',1,3,'2018-08-08 12:48:19'),(63,'keabetswi dube','keabetswdube@gmail.com','$2y$10$l97daV4dHNhB6pjmbXq0TecCvqnOadQ.VNI61X20qPDQbyUxINfJy','jrM0OB4uDyoZUcxR5PUcSYynHzuWlSI5dXmT32mJxM8BeKCdmTlfAJ5reI9l','2018-08-08 12:46:47','8',1,3,'2018-08-08 13:10:07'),(64,'Bridget','muchavakab@gmail.com','$2y$10$C9IlKdnP7K8mOWJn60pL/ONVSxMSlrK.kKNdv.u6xxVRM6vJJaMJK','NeO0IW3AyHciJllxPaGIqoPUQoUYMHUZqFkYvn9Bhk35EKh8yLU0SXA328fO','2018-08-08 12:47:10','10',1,3,'2018-08-08 12:47:56'),(65,'Justice Nyakutumba','jnyakutumba@gmail.com','$2y$10$1DdyYhMt69k5gdN6WRixRuiAzFOuW6sGmW2ST1TVn7NwMBWWfEBjO','tQpAQvgUcb826Q2oUXM5T7jLcdkgL9cCR8NxF7X7COyIsGbysol3Ixs4lhjB','2018-08-08 12:47:33','5',1,3,'2018-08-08 12:49:20'),(66,'TSUNGAI CHAERERA','tchaerera@gmail.com','$2y$10$j3RYSQ.cvWLes.eNVCbX0OlUtADPSiLfNOfZiJ7rA4Tusjo5NaFTW','2B3LhTrqgjuHkV3QzxSLoaKU349eU5BdcL9bwiuxSUTZzRHHpUbHvzFa1ctE','2018-08-08 12:49:16','6',1,3,'2018-08-08 12:56:35'),(67,'TSUNGAI CHAERERA','tsungichaez@gmail.com','$2y$10$SlXd9/fa.x5wFNIKR/V35O9iQSy/w2p/XpO6JICN7pnKqKn6bsNze',NULL,'2018-08-08 12:51:56','6',0,3,'2018-08-08 12:54:11'),(68,'Mugomba Pianos','pmugombachoto@gmail.com','$2y$10$6QZpkaHkKvL1q4e4KQm3AOeX0kYhNUR.nv5EobKAOfAstx6nJ21di','c3cDjIT31j69hyL2rmBzyxcVcvNFv0t4IhuBmv2naPyD4GW4d1sSkUzB8klK','2018-08-08 12:55:36','16',1,3,'2018-08-08 12:57:12'),(69,'lindsay tazvivinga','lindie.gamu88@gmail.com','$2y$10$crY0FAkt/shBIXhRB4LcnecCguw7RlV00DXIT6IaTqATnSCcK3gT2','aU9UQqwappjJdUNc8jxjLzwF2OjrqxWLcrPH1OJLHETdrdCzE3idFt5BsUSI','2018-08-08 13:06:08','4',1,3,'2018-08-08 13:07:19'),(70,'Exavier Mativenga','mativengae@gmail.com','$2y$10$Icuk8DmT5yooYjNBj9qG.OODi6NUdDPQaVyQp4EbcXCkQ/YyHBu4i','E63b8jEeTVgB55F0zB4TeBDenD6NETl6DCwhQacTYrf38gN9t4lxporu9Z4Y','2018-08-08 13:06:54','15',1,3,'2018-08-08 13:09:04'),(71,'Mashiri Aron','camsland2015@gmail.com','$2y$10$krmPPtsBddurD9o9XlZRpOVNkCQHGg5v29otRx/euncWP1fxLoG5S','ppCR2e1KDRjFuWlMU2PUTOinzmmKAC3qNeWDSdcNdeolS56jvr8rBW0Dxad8','2018-08-08 13:08:48','18',1,3,'2018-08-08 13:11:24'),(72,'noreen kureva','srcmasvingoprovince@gmail.com','$2y$10$GteqGeDI08A2.WvVjI0ftOwela/WeLbDEYdN4VvuAHX.BQescTbiq','bA1UNnEuwGNBgV3sfz4mrTmmDqswKd7eVDwnm5O6epZ9KzerhFLMq4QbHf8f','2018-08-08 13:10:36','7',1,3,'2018-08-08 13:11:46'),(73,'kudzai chikwamba','krchikwamba@outlook.com','$2y$10$x3XUv35HdatCiTRB4RGt/e97EO2PWRAiucsNB6U4.UTZVUmF034Su','pN8U7fhLqGRbxXtuGHkvGG8j2SLqhZS4gRisLY5G1quSIpuxZfxfIlQ9pGXq','2018-08-08 13:17:29','2',1,3,'2018-08-08 13:19:21'),(74,'Percyledge Samugadza','persiesamaz@gmail.com','$2y$10$Eet0y1O4fGTP3WXClAe1AOUChawfa/H9NTwT7xQDBJLVC5TLSu3Rq','vL3bnR1DSysbkHOGvu3AZLkOZEJhyPwnIWgXFW9KdJ6S0QQTWwWsC30S8RAd','2018-08-08 13:18:11','2',1,3,'2018-08-08 13:19:44'),(75,'watambwa joyce','joyiewatts@gmail.com','$2y$10$N2vmn4.Itm64Mmiz6rqI7.f4JtcfW0HsfVOVqfqJw7vXvBT6pdK2i','Aa8AxmM2ZpWbKeuF9tNAmDvTLifImUpJ5WgmP8YLsyJlTPCAtnvPOfnXKopP','2018-08-08 13:35:41','10',1,3,'2018-08-08 13:36:47'),(76,'Mudzamiri Ngonidzashe','nmudzamirij@gmail.com','$2y$10$.5wByRB1Ob4DUBNhGmLVxeA/fiRMXtjUPZ2ApWavc4dWZSgKQWXyO','ajtEhxqNS7DwtsRDVtK6urmTPjjJ2bMuKqVIDiTw5WNV1kSX3xZUGB5xuANb','2018-08-09 07:51:48','14',1,3,'2018-08-09 07:53:36'),(77,'Ndhlovu Sydey','ndhlovus@rcu.ac.zw','$2y$10$juEiH2rsoqw0HA4bBh9NsO5zyeUpJXjFTuCHWQ2o7ZwORAHR7XsYm','B4Lwj66iVPwEJUQwPwuGQZ0aZwO4bzTfXm8a6SQbJqIMEi9RtwcQJcLqRfiE','2018-08-09 11:20:14','19',1,3,'2018-09-11 14:58:45'),(78,'Sydney Ndhlovu','ndhlovu.sydney70@gmail.com','$2y$10$mpW3.oWHCd3SSisPb7TXRO0wFZDPPHV/axN/3Vd3hE9DGbMewVTHm','8PeIa9UhFuGJJPAn1bTSPrV6FijGYCxfoLs6WAwkszl56b6p78J8q0feWtFZ','2018-08-09 11:32:11','19',1,3,'2018-08-09 11:40:08'),(79,'Mahlangu Aberson','aberson1988@gmail.com','$2y$10$n2T8wLHKBfbhKgDDK6iLLe4SZcO47MWh9krUJ9E4NB5qH7iRVGgYu',NULL,'2018-08-10 10:14:48','9',1,2,'2018-08-10 10:14:48'),(80,'Chikandiwa Orpah','chokandiwao@gwerupoly.ac.zw','$2y$10$lAf5DPyilXtjXuoi9tnB0OKsTLVC/QyZsOYDWPAUqlTWOfsvZiyjO',NULL,'2018-08-10 11:27:52','10',1,3,'2018-08-10 11:27:52'),(81,'Marshall C. Matiza','marshallmatiza@gmail.com','$2y$10$avpKNQR7RcQOKcm72ed8qOD7Mz140.CCZ0zdcEfOV346pxFnSiAaa','Hugsex17lzMn0TLNMm1Qhj0p8Tb3QzMhcIy0G9Hv3UUWjfbhlQIZ4vcJqfqe','2018-08-10 16:04:46','15',1,3,'2018-08-10 16:05:40'),(82,'Ephraim Chiwara','fadzaichiwara@gmail.com','$2y$10$2Hcfrs8hrwaGwfDEweyYROZsX9xfnPoaKwnDRfj8oKRPlFLbm3sN.','bk4O1PnK2d4GeSBMnclwendHQdBB898rll2iIAs0SiovjDj0Xix0SdQI39vj','2018-08-14 07:46:39','6',1,2,'2018-08-14 08:18:07'),(83,'Perfect Dawu','perfectdawu@gmail.com','$2y$10$xbzmW/2wMJnuGBHDceyT0uoH9bRJMPqXIGbdiwPtZ26L0k.De0We2','WpIL16mDuIGzeJ7bn3JWLvxySEuDmULrLbA8cW6Ndm78oXNQbY3fHwskZS6C','2019-04-04 11:09:19','10',1,3,'2019-04-04 11:11:07'),(84,'Edline Moyo','tafymimie@gmail.com','$2y$10$gLtpjgAUIvrkcFZLAEwMiOEZNq4D.nddRv3op7X.Nqx.rad.a8eg2','JEDscog6k0abLlp94Mh9jfSqEpkuJxOZnKz1sETF1D0rjseNE06kYhpdVaPi','2019-04-04 11:20:51','10',1,3,'2019-04-04 11:25:46'),(85,'Colleta Mafunye','collmafunye@gmail.com','$2y$10$S5/21irWWd6MwZXLHXJjmuRjHX8D8ShCXUuRYDqLSHHbde2D/yTpy',NULL,'2019-04-05 10:18:55','10',1,3,'2019-04-05 10:18:55'),(86,'Portia Chivima','seaportia@gmail.com','$2y$10$BBVb2a2KUssHV92vFKuLe.aPgfcYAvOpf/XvxONzgReJSvYfL0hQe','9lPuNe86c3Y6pE9B8fIRft4kGlfO4D0IsCB8Uqme0KQ2D0anjt6DPLmdo2ez','2019-04-05 10:19:51','10',1,3,'2019-04-05 10:21:06');
/*!40000 ALTER TABLE `users` ENABLE KEYS */;
UNLOCK TABLES;

--
-- Table structure for table `venues`
--

DROP TABLE IF EXISTS `venues`;
/*!40101 SET @saved_cs_client     = @@character_set_client */;
/*!40101 SET character_set_client = utf8 */;
CREATE TABLE `venues` (
  `id` int(11) NOT NULL AUTO_INCREMENT,
  `name` varchar(250) DEFAULT NULL,
  `access_rules` longtext,
  PRIMARY KEY (`id`),
  UNIQUE KEY `name` (`name`)
) ENGINE=InnoDB AUTO_INCREMENT=18 DEFAULT CHARSET=latin1;
/*!40101 SET character_set_client = @saved_cs_client */;

--
-- Dumping data for table `venues`
--

LOCK TABLES `venues` WRITE;
/*!40000 ALTER TABLE `venues` DISABLE KEYS */;
INSERT INTO `venues` VALUES (1,'Mkoba Teachers',NULL),(2,'Chaplin',''),(3,'Regina Mundi',NULL),(4,'Thornhill',NULL),(5,'Nashville',NULL),(6,'MSU',NULL),(7,'Fletcher',NULL),(8,'Kwekwe Poly',NULL),(9,'Kwekwe High',NULL),(10,'Jairos Jiri',NULL),(11,'Mtapa Hill',NULL),(12,'MCC',NULL),(13,'Mkoba Stadium',NULL),(14,'Gweru Poly',NULL),(15,'Guinea Fowl',NULL),(16,'Air Force',NULL),(17,'Chikwingwisha',NULL);
/*!40000 ALTER TABLE `venues` ENABLE KEYS */;
UNLOCK TABLES;

--
-- Table structure for table `zones`
--

DROP TABLE IF EXISTS `zones`;
/*!40101 SET @saved_cs_client     = @@character_set_client */;
/*!40101 SET character_set_client = utf8 */;
CREATE TABLE `zones` (
  `id` int(11) NOT NULL AUTO_INCREMENT,
  `name` varchar(250) DEFAULT NULL,
  PRIMARY KEY (`id`)
) ENGINE=InnoDB AUTO_INCREMENT=9 DEFAULT CHARSET=latin1;
/*!40101 SET character_set_client = @saved_cs_client */;

--
-- Dumping data for table `zones`
--

LOCK TABLES `zones` WRITE;
/*!40000 ALTER TABLE `zones` DISABLE KEYS */;
INSERT INTO `zones` VALUES (1,'Competition Venue'),(2,'Dining facilities'),(3,'Transport'),(4,'Accomodation'),(5,'Administration  '),(6,'Media areas'),(7,'VIP areas'),(8,'Access to all areas');
/*!40000 ALTER TABLE `zones` ENABLE KEYS */;
UNLOCK TABLES;
/*!40103 SET TIME_ZONE=@OLD_TIME_ZONE */;

/*!40101 SET SQL_MODE=@OLD_SQL_MODE */;
/*!40014 SET FOREIGN_KEY_CHECKS=@OLD_FOREIGN_KEY_CHECKS */;
/*!40014 SET UNIQUE_CHECKS=@OLD_UNIQUE_CHECKS */;
/*!40101 SET CHARACTER_SET_CLIENT=@OLD_CHARACTER_SET_CLIENT */;
/*!40101 SET CHARACTER_SET_RESULTS=@OLD_CHARACTER_SET_RESULTS */;
/*!40101 SET COLLATION_CONNECTION=@OLD_COLLATION_CONNECTION */;
/*!40111 SET SQL_NOTES=@OLD_SQL_NOTES */;

-- Dump completed on 2019-04-12  9:31:54
